permit_id,application_number,service_id,region_id,request_date,completion_date,processing_days,status,channel
1,PERM-2025-00001,S1,R1,2025-05-10,2025-05-12,2,Completed,Mobile App
2,PERM-2025-00002,S1,R1,2025-12-31,2026-01-03,3,Completed,Mobile App
3,PERM-2025-00003,S5,R2,2025-11-10,2025-12-13,33,Completed,Service Center
4,PERM-2023-00004,S5,R1,2023-05-02,2023-05-11,9,Completed,Online Portal
5,PERM-2024-00005,S2,R1,2024-04-11,2024-04-12,1,Completed,Mobile App
6,PERM-2023-00006,S1,R1,2023-11-27,2023-11-28,1,Completed,Online Portal
7,PERM-2023-00007,S1,R4,2023-03-29,2023-04-01,3,Completed,Mobile App
8,PERM-2025-00008,S2,R2,2025-05-21,2025-05-24,3,Completed,Online Portal
9,PERM-2023-00009,S5,R2,2023-05-11,2023-05-21,10,Completed,Online Portal
10,PERM-2025-00010,S1,R1,2025-02-08,2025-02-11,3,Completed,Online Portal
11,PERM-2023-00011,S3,R2,2023-12-10,2023-12-13,3,Completed,Mobile App
12,PERM-2025-00012,S1,R1,2025-03-16,,25,Under Review,Service Center
13,PERM-2024-00013,S5,R2,2024-01-21,2024-02-01,11,Completed,Online Portal
14,PERM-2025-00014,S2,R4,2025-08-13,2025-08-15,2,Completed,Online Portal
15,PERM-2023-00015,S3,R2,2023-10-04,2023-10-05,1,Completed,Online Portal
16,PERM-2024-00016,S2,R3,2024-04-04,2024-04-05,1,Completed,Mobile App
17,PERM-2023-00017,S2,R2,2023-01-22,2023-01-24,2,Completed,Online Portal
18,PERM-2023-00018,S1,R1,2023-09-10,2023-09-11,1,Completed,Mobile App
19,PERM-2025-00019,S1,R4,2025-01-17,2025-02-02,16,Completed,Kiosk
20,PERM-2025-00020,S5,R1,2025-05-06,2025-06-07,32,Completed,Service Center
21,PERM-2024-00021,S4,R1,2024-04-19,2024-04-22,3,Completed,Online Portal
22,PERM-2025-00022,S4,R1,2025-12-18,,13,Under Review,Service Center
23,PERM-2024-00023,S2,R1,2024-05-25,2024-05-27,2,Completed,Mobile App
24,PERM-2024-00024,S3,R1,2024-11-30,2024-12-02,2,Completed,Online Portal
25,PERM-2025-00025,S1,R1,2025-09-02,2025-09-05,3,Completed,Mobile App
26,PERM-2023-00026,S2,R1,2023-07-09,2023-07-30,21,Rejected,Service Center
27,PERM-2025-00027,S2,R2,2025-08-15,2025-08-17,2,Completed,Online Portal
28,PERM-2024-00028,S2,R1,2024-11-17,2024-11-19,2,Completed,Online Portal
29,PERM-2025-00029,S2,R1,2025-08-15,,2,Under Review,Online Portal
30,PERM-2024-00030,S1,R2,2024-07-16,2024-07-19,3,Completed,Mobile App
31,PERM-2025-00031,S2,R1,2025-04-11,2025-04-13,2,Completed,Online Portal
32,PERM-2024-00032,S3,R2,2024-10-08,2024-10-26,18,Completed,Service Center
33,PERM-2023-00033,S2,R2,2023-01-21,2023-01-24,3,Completed,Mobile App
34,PERM-2025-00034,S1,R3,2025-04-20,2025-04-22,2,Rejected,Mobile App
35,PERM-2023-00035,S1,R2,2023-06-16,2023-06-19,3,Completed,Online Portal
36,PERM-2024-00036,S1,R1,2024-01-23,2024-01-24,1,Completed,Mobile App
37,PERM-2024-00037,S1,R2,2024-08-23,2024-08-24,1,Completed,Online Portal
38,PERM-2023-00038,S2,R1,2023-11-12,2023-11-13,1,Completed,Online Portal
39,PERM-2023-00039,S2,R1,2023-01-14,2023-01-15,1,Completed,Mobile App
40,PERM-2023-00040,S2,R2,2023-08-30,2023-09-02,3,Completed,Online Portal
41,PERM-2025-00041,S2,R1,2025-02-15,2025-02-17,2,Completed,Mobile App
42,PERM-2024-00042,S3,R2,2024-07-18,,2,Under Review,Online Portal
43,PERM-2025-00043,S1,R3,2025-06-16,2025-06-17,1,Completed,Online Portal
44,PERM-2023-00044,S2,R3,2023-04-02,2023-04-04,2,Completed,Online Portal
45,PERM-2025-00045,S3,R4,2025-08-13,2025-09-01,19,Completed,Kiosk
46,PERM-2024-00046,S1,R1,2024-05-23,2024-05-25,2,Completed,Mobile App
47,PERM-2025-00047,S1,R1,2025-02-14,2025-02-16,2,Completed,Mobile App
48,PERM-2023-00048,S4,R2,2023-02-04,2023-02-06,2,Completed,Online Portal
49,PERM-2023-00049,S2,R1,2023-07-25,2023-07-26,1,Completed,Online Portal
50,PERM-2025-00050,S2,R2,2025-10-22,2025-11-04,13,Completed,Kiosk
51,PERM-2025-00051,S1,R2,2025-10-18,2025-10-19,1,Completed,Online Portal
52,PERM-2024-00052,S2,R2,2024-07-19,2024-07-20,1,Completed,Online Portal
53,PERM-2024-00053,S2,R1,2024-12-03,2024-12-05,2,Completed,Mobile App
54,PERM-2024-00054,S1,R1,2024-02-06,2024-02-08,2,Rejected,Online Portal
55,PERM-2024-00055,S2,R1,2024-12-30,2025-01-19,20,Rejected,Service Center
56,PERM-2023-00056,S1,R1,2023-06-11,2023-06-12,1,Completed,Mobile App
57,PERM-2023-00057,S2,R3,2023-07-21,2023-07-23,2,Completed,Online Portal
58,PERM-2025-00058,S1,R1,2025-09-22,2025-09-25,3,Completed,Online Portal
59,PERM-2023-00059,S1,R1,2023-09-27,2023-09-29,2,Completed,Online Portal
60,PERM-2025-00060,S1,R1,2025-03-26,2025-04-19,24,Completed,Service Center
61,PERM-2024-00061,S1,R2,2024-03-31,2024-04-01,1,Completed,Mobile App
62,PERM-2025-00062,S4,R2,2025-10-13,2025-10-14,1,Completed,Online Portal
63,PERM-2023-00063,S1,R1,2023-10-23,2023-10-24,1,Completed,Online Portal
64,PERM-2024-00064,S2,R1,2024-12-20,2024-12-23,3,Completed,Mobile App
65,PERM-2023-00065,S1,R1,2023-12-04,2023-12-06,2,Completed,Mobile App
66,PERM-2025-00066,S2,R1,2025-05-28,2025-05-30,2,Completed,Online Portal
67,PERM-2025-00067,S5,R2,2025-12-12,,11,Under Review,Online Portal
68,PERM-2025-00068,S1,R2,2025-03-02,2025-03-05,3,Completed,Online Portal
69,PERM-2023-00069,S5,R1,2023-08-05,2023-08-15,10,Completed,Mobile App
70,PERM-2025-00070,S1,R1,2025-02-02,2025-02-17,15,Completed,Kiosk
71,PERM-2023-00071,S2,R5,2023-07-07,2023-07-09,2,Completed,Online Portal
72,PERM-2024-00072,S2,R1,2024-01-15,2024-01-18,3,Completed,Mobile App
73,PERM-2024-00073,S4,R2,2024-05-07,2024-05-08,1,Completed,Online Portal
74,PERM-2025-00074,S2,R1,2025-11-30,2025-12-02,2,Completed,Online Portal
75,PERM-2023-00075,S2,R1,2023-01-15,2023-01-17,2,Completed,Online Portal
76,PERM-2023-00076,S1,R1,2023-03-06,,16,Under Review,Service Center
77,PERM-2024-00077,S1,R1,2024-06-04,2024-06-07,3,Completed,Online Portal
78,PERM-2024-00078,S4,R5,2024-10-09,,2,Under Review,Mobile App
79,PERM-2025-00079,S2,R1,2025-12-22,2025-12-25,3,Completed,Online Portal
80,PERM-2024-00080,S2,R1,2024-08-15,2024-08-18,3,Completed,Online Portal
81,PERM-2024-00081,S3,R1,2024-01-27,2024-01-28,1,Completed,Online Portal
82,PERM-2024-00082,S2,R1,2024-02-23,2024-02-25,2,Completed,Mobile App
83,PERM-2023-00083,S5,R1,2023-10-16,2023-10-25,9,Completed,Online Portal
84,PERM-2024-00084,S2,R1,2024-01-14,2024-01-17,3,Completed,Mobile App
85,PERM-2023-00085,S2,R2,2023-08-19,2023-08-22,3,Completed,Online Portal
86,PERM-2025-00086,S4,R1,2025-10-14,,3,Under Review,Online Portal
87,PERM-2023-00087,S1,R1,2023-02-10,2023-02-12,2,Completed,Online Portal
88,PERM-2025-00088,S1,R4,2025-11-17,2025-11-20,3,Completed,Online Portal
89,PERM-2023-00089,S2,R1,2023-05-15,2023-05-17,2,Completed,Online Portal
90,PERM-2023-00090,S1,R4,2023-07-20,2023-07-23,3,Completed,Online Portal
91,PERM-2025-00091,S2,R1,2025-02-18,2025-02-20,2,Completed,Mobile App
92,PERM-2025-00092,S4,R3,2025-07-18,2025-07-20,2,Completed,Mobile App
93,PERM-2025-00093,S2,R2,2025-11-22,2025-11-23,1,Completed,Online Portal
94,PERM-2025-00094,S2,R3,2025-12-07,,1,Under Review,Online Portal
95,PERM-2024-00095,S5,R5,2024-05-17,2024-05-26,9,Completed,Online Portal
96,PERM-2024-00096,S2,R1,2024-02-11,2024-02-13,2,Completed,Online Portal
97,PERM-2025-00097,S2,R5,2025-03-15,2025-03-17,2,Completed,Online Portal
98,PERM-2023-00098,S2,R1,2023-04-09,2023-05-04,25,Completed,Service Center
99,PERM-2024-00099,S4,R1,2024-11-14,2024-11-15,1,Completed,Online Portal
100,PERM-2024-00100,S2,R1,2024-12-26,2024-12-27,1,Completed,Online Portal
101,PERM-2025-00101,S3,R1,2025-08-18,,1,Under Review,Online Portal
102,PERM-2024-00102,S3,R1,2024-09-04,2024-09-07,3,Completed,Online Portal
103,PERM-2024-00103,S2,R2,2024-10-04,2024-10-07,3,Completed,Mobile App
104,PERM-2025-00104,S2,R1,2025-10-25,2025-10-27,2,Completed,Online Portal
105,PERM-2024-00105,S3,R2,2024-05-17,2024-05-18,1,Completed,Online Portal
106,PERM-2025-00106,S2,R3,2025-02-05,2025-02-07,2,Completed,Mobile App
107,PERM-2024-00107,S3,R1,2024-02-02,2024-02-05,3,Completed,Online Portal
108,PERM-2025-00108,S5,R1,2025-05-20,2025-05-31,11,Completed,Mobile App
109,PERM-2025-00109,S2,R1,2025-03-05,2025-03-08,3,Completed,Mobile App
110,PERM-2024-00110,S2,R1,2024-01-28,2024-01-29,1,Completed,Online Portal
111,PERM-2023-00111,S3,R1,2023-07-26,2023-07-29,3,Completed,Mobile App
112,PERM-2025-00112,S3,R1,2025-11-04,2025-11-05,1,Completed,Online Portal
113,PERM-2025-00113,S2,R1,2025-06-10,2025-06-13,3,Completed,Mobile App
114,PERM-2025-00114,S1,R5,2025-05-13,,1,Under Review,Online Portal
115,PERM-2025-00115,S2,R2,2025-01-12,2025-01-14,2,Completed,Online Portal
116,PERM-2024-00116,S2,R1,2024-07-17,2024-07-20,3,Completed,Mobile App
117,PERM-2025-00117,S2,R2,2025-10-17,,15,Under Review,Service Center
118,PERM-2023-00118,S2,R1,2023-04-06,,19,Under Review,Kiosk
119,PERM-2024-00119,S2,R1,2024-04-29,2024-04-30,1,Completed,Mobile App
120,PERM-2023-00120,S2,R2,2023-08-19,2023-08-22,3,Completed,Online Portal
121,PERM-2025-00121,S1,R1,2025-01-18,2025-01-21,3,Completed,Online Portal
122,PERM-2024-00122,S2,R1,2024-06-24,2024-06-27,3,Completed,Online Portal
123,PERM-2025-00123,S2,R5,2025-11-25,2025-11-26,1,Completed,Online Portal
124,PERM-2024-00124,S1,R3,2024-06-08,2024-06-09,1,Completed,Online Portal
125,PERM-2024-00125,S1,R2,2024-07-31,,15,Under Review,Service Center
126,PERM-2024-00126,S2,R2,2024-11-12,2024-11-15,3,Completed,Online Portal
127,PERM-2024-00127,S2,R2,2024-07-10,2024-07-12,2,Completed,Online Portal
128,PERM-2025-00128,S1,R1,2025-10-09,2025-10-11,2,Completed,Online Portal
129,PERM-2024-00129,S5,R1,2024-10-07,2024-10-28,21,Rejected,Service Center
130,PERM-2025-00130,S2,R1,2025-03-06,2025-03-07,1,Completed,Mobile App
131,PERM-2025-00131,S5,R1,2025-11-17,2025-11-28,11,Completed,Mobile App
132,PERM-2023-00132,S2,R1,2023-07-09,2023-07-12,3,Completed,Online Portal
133,PERM-2024-00133,S2,R1,2024-09-24,2024-10-18,24,Completed,Service Center
134,PERM-2024-00134,S4,R5,2024-09-19,2024-09-20,1,Completed,Online Portal
135,PERM-2025-00135,S2,R4,2025-08-30,2025-09-17,18,Rejected,Service Center
136,PERM-2024-00136,S2,R2,2024-12-10,2024-12-11,1,Completed,Mobile App
137,PERM-2024-00137,S1,R1,2024-10-10,2024-10-12,2,Completed,Online Portal
138,PERM-2023-00138,S2,R3,2023-11-14,2023-11-16,2,Completed,Online Portal
139,PERM-2024-00139,S1,R1,2024-11-14,2024-11-17,3,Completed,Mobile App
140,PERM-2024-00140,S1,R2,2024-10-25,2024-10-28,3,Completed,Online Portal
141,PERM-2024-00141,S1,R1,2024-03-17,2024-03-29,12,Rejected,Service Center
142,PERM-2024-00142,S1,R2,2024-07-17,2024-07-18,1,Completed,Online Portal
143,PERM-2025-00143,S5,R1,2025-08-09,2025-08-20,11,Completed,Online Portal
144,PERM-2024-00144,S1,R3,2024-11-29,2024-12-01,2,Completed,Online Portal
145,PERM-2023-00145,S2,R4,2023-04-23,2023-04-25,2,Completed,Online Portal
146,PERM-2023-00146,S3,R1,2023-01-02,2023-01-05,3,Completed,Online Portal
147,PERM-2024-00147,S2,R1,2024-10-03,2024-10-06,3,Completed,Online Portal
148,PERM-2023-00148,S1,R5,2023-08-08,2023-08-09,1,Rejected,Mobile App
149,PERM-2025-00149,S2,R1,2025-05-04,2025-05-05,1,Completed,Online Portal
150,PERM-2024-00150,S2,R3,2024-01-20,2024-02-01,12,Completed,Kiosk
151,PERM-2025-00151,S2,R2,2025-12-12,2025-12-13,1,Completed,Mobile App
152,PERM-2024-00152,S3,R1,2024-12-30,,18,Under Review,Service Center
153,PERM-2023-00153,S5,R1,2023-09-04,2023-09-13,9,Completed,Online Portal
154,PERM-2025-00154,S2,R1,2025-04-15,2025-04-17,2,Completed,Online Portal
155,PERM-2023-00155,S2,R2,2023-07-22,2023-07-24,2,Completed,Online Portal
156,PERM-2023-00156,S2,R1,2023-05-03,2023-05-06,3,Completed,Mobile App
157,PERM-2024-00157,S1,R1,2024-02-05,,14,Under Review,Service Center
158,PERM-2025-00158,S4,R1,2025-02-05,2025-02-07,2,Completed,Online Portal
159,PERM-2023-00159,S1,R2,2023-10-21,2023-10-24,3,Completed,Online Portal
160,PERM-2023-00160,S2,R3,2023-10-07,,22,Under Review,Service Center
161,PERM-2025-00161,S3,R5,2025-06-02,,2,Under Review,Online Portal
162,PERM-2023-00162,S2,R1,2023-07-17,2023-07-19,2,Completed,Mobile App
163,PERM-2025-00163,S2,R3,2025-09-08,2025-09-09,1,Completed,Mobile App
164,PERM-2025-00164,S2,R2,2025-01-21,2025-02-12,22,Rejected,Service Center
165,PERM-2023-00165,S3,R2,2023-05-24,2023-05-27,3,Completed,Online Portal
166,PERM-2024-00166,S2,R4,2024-08-31,2024-09-03,3,Completed,Online Portal
167,PERM-2023-00167,S3,R1,2023-07-06,2023-07-07,1,Completed,Mobile App
168,PERM-2024-00168,S1,R1,2024-04-08,2024-04-21,13,Rejected,Service Center
169,PERM-2024-00169,S3,R3,2024-10-21,2024-10-23,2,Completed,Online Portal
170,PERM-2025-00170,S3,R1,2025-02-02,2025-02-05,3,Completed,Online Portal
171,PERM-2025-00171,S1,R3,2025-08-12,2025-08-13,1,Completed,Mobile App
172,PERM-2024-00172,S2,R3,2024-02-07,2024-02-27,20,Completed,Service Center
173,PERM-2023-00173,S1,R1,2023-05-27,,15,Under Review,Service Center
174,PERM-2025-00174,S2,R3,2025-05-13,,19,Under Review,Kiosk
175,PERM-2024-00175,S2,R1,2024-05-03,2024-05-06,3,Completed,Online Portal
176,PERM-2025-00176,S2,R1,2025-07-17,2025-07-19,2,Completed,Online Portal
177,PERM-2024-00177,S1,R2,2024-07-04,2024-07-07,3,Completed,Mobile App
178,PERM-2023-00178,S1,R4,2023-12-04,,24,Under Review,Service Center
179,PERM-2025-00179,S1,R1,2025-05-21,2025-05-23,2,Completed,Online Portal
180,PERM-2024-00180,S2,R1,2024-10-02,2024-10-04,2,Completed,Online Portal
181,PERM-2024-00181,S2,R2,2024-04-17,2024-04-18,1,Completed,Mobile App
182,PERM-2023-00182,S3,R2,2023-05-31,2023-06-01,1,Completed,Online Portal
183,PERM-2023-00183,S2,R2,2023-09-20,2023-09-23,3,Completed,Online Portal
184,PERM-2023-00184,S2,R1,2023-05-24,2023-05-25,1,Completed,Mobile App
185,PERM-2023-00185,S5,R1,2023-12-12,2023-12-22,10,Completed,Mobile App
186,PERM-2024-00186,S2,R1,2024-09-15,2024-09-16,1,Completed,Mobile App
187,PERM-2025-00187,S5,R3,2025-10-13,2025-10-24,11,Completed,Online Portal
188,PERM-2025-00188,S2,R1,2025-05-30,2025-06-02,3,Completed,Mobile App
189,PERM-2023-00189,S1,R1,2023-01-02,2023-01-05,3,Completed,Mobile App
190,PERM-2025-00190,S1,R4,2025-06-15,2025-06-18,3,Completed,Mobile App
191,PERM-2023-00191,S2,R1,2023-09-11,2023-09-12,1,Completed,Mobile App
192,PERM-2024-00192,S1,R5,2024-03-28,2024-03-29,1,Completed,Online Portal
193,PERM-2025-00193,S2,R2,2025-11-26,2025-11-27,1,Completed,Online Portal
194,PERM-2025-00194,S2,R3,2025-10-11,2025-10-14,3,Completed,Online Portal
195,PERM-2023-00195,S2,R1,2023-01-09,2023-01-10,1,Completed,Online Portal
196,PERM-2025-00196,S2,R1,2025-03-26,2025-03-29,3,Completed,Mobile App
197,PERM-2023-00197,S1,R2,2023-07-27,,13,Under Review,Service Center
198,PERM-2024-00198,S2,R3,2024-02-08,2024-02-11,3,Completed,Mobile App
199,PERM-2023-00199,S2,R2,2023-06-01,2023-06-03,2,Completed,Mobile App
200,PERM-2023-00200,S5,R1,2023-02-23,2023-03-06,11,Completed,Online Portal
201,PERM-2024-00201,S2,R2,2024-09-19,2024-09-20,1,Completed,Online Portal
202,PERM-2024-00202,S5,R2,2024-08-09,2024-08-20,11,Completed,Online Portal
203,PERM-2023-00203,S3,R2,2023-04-14,2023-04-17,3,Completed,Online Portal
204,PERM-2023-00204,S2,R2,2023-09-11,2023-09-14,3,Completed,Online Portal
205,PERM-2024-00205,S1,R3,2024-05-24,2024-05-25,1,Completed,Mobile App
206,PERM-2023-00206,S2,R2,2023-04-09,2023-04-21,12,Completed,Kiosk
207,PERM-2023-00207,S2,R1,2023-06-02,,1,Under Review,Online Portal
208,PERM-2025-00208,S2,R1,2025-07-02,2025-07-03,1,Rejected,Online Portal
209,PERM-2025-00209,S2,R1,2025-05-27,2025-05-30,3,Completed,Mobile App
210,PERM-2023-00210,S2,R1,2023-12-04,2023-12-07,3,Completed,Online Portal
211,PERM-2025-00211,S2,R1,2025-04-01,2025-04-23,22,Completed,Service Center
212,PERM-2025-00212,S2,R1,2025-08-14,2025-08-17,3,Completed,Mobile App
213,PERM-2023-00213,S1,R1,2023-06-10,2023-06-26,16,Rejected,Service Center
214,PERM-2025-00214,S3,R1,2025-03-11,2025-03-14,3,Completed,Online Portal
215,PERM-2024-00215,S1,R3,2024-02-02,2024-02-05,3,Completed,Mobile App
216,PERM-2025-00216,S1,R4,2025-03-26,2025-03-27,1,Completed,Online Portal
217,PERM-2024-00217,S2,R1,2024-02-05,2024-02-06,1,Completed,Mobile App
218,PERM-2024-00218,S2,R4,2024-10-01,2024-10-04,3,Completed,Online Portal
219,PERM-2025-00219,S2,R1,2025-11-22,2025-11-23,1,Rejected,Online Portal
220,PERM-2024-00220,S1,R1,2024-11-18,2024-11-19,1,Completed,Mobile App
221,PERM-2024-00221,S2,R1,2024-04-04,2024-04-05,1,Completed,Mobile App
222,PERM-2025-00222,S2,R1,2025-08-12,2025-09-05,24,Completed,Service Center
223,PERM-2024-00223,S5,R2,2024-04-14,2024-04-25,11,Completed,Mobile App
224,PERM-2025-00224,S5,R2,2025-11-11,,9,Under Review,Mobile App
225,PERM-2025-00225,S2,R1,2025-01-19,2025-01-20,1,Completed,Online Portal
226,PERM-2023-00226,S2,R1,2023-02-07,2023-02-08,1,Completed,Mobile App
227,PERM-2023-00227,S2,R1,2023-08-18,2023-08-19,1,Completed,Mobile App
228,PERM-2024-00228,S1,R1,2024-07-16,2024-07-29,13,Completed,Service Center
229,PERM-2024-00229,S2,R1,2024-03-13,2024-04-05,23,Completed,Service Center
230,PERM-2023-00230,S2,R1,2023-01-27,2023-01-28,1,Completed,Online Portal
231,PERM-2023-00231,S5,R3,2023-08-14,,30,Under Review,Service Center
232,PERM-2025-00232,S1,R4,2025-03-08,2025-03-11,3,Completed,Online Portal
233,PERM-2023-00233,S2,R1,2023-10-11,2023-10-12,1,Completed,Online Portal
234,PERM-2025-00234,S2,R4,2025-05-28,2025-05-29,1,Completed,Mobile App
235,PERM-2025-00235,S2,R1,2025-08-17,2025-08-18,1,Completed,Online Portal
236,PERM-2024-00236,S1,R1,2024-03-28,2024-03-31,3,Completed,Mobile App
237,PERM-2025-00237,S5,R1,2025-10-16,2025-10-25,9,Completed,Online Portal
238,PERM-2025-00238,S2,R2,2025-03-26,2025-03-29,3,Completed,Online Portal
239,PERM-2024-00239,S2,R5,2024-10-20,,2,Under Review,Mobile App
240,PERM-2024-00240,S1,R2,2024-06-30,2024-07-02,2,Completed,Mobile App
241,PERM-2025-00241,S2,R1,2025-12-08,2026-01-01,24,Rejected,Service Center
242,PERM-2023-00242,S2,R2,2023-01-17,2023-01-19,2,Completed,Mobile App
243,PERM-2023-00243,S1,R1,2023-06-07,,1,Under Review,Mobile App
244,PERM-2024-00244,S1,R3,2024-04-21,,2,Under Review,Online Portal
245,PERM-2025-00245,S3,R1,2025-12-05,2025-12-06,1,Completed,Online Portal
246,PERM-2024-00246,S1,R1,2024-06-01,2024-06-03,2,Completed,Online Portal
247,PERM-2023-00247,S1,R2,2023-04-09,2023-04-12,3,Completed,Mobile App
248,PERM-2025-00248,S2,R2,2025-11-26,2025-11-27,1,Completed,Mobile App
249,PERM-2023-00249,S3,R1,2023-10-07,2023-10-10,3,Completed,Online Portal
250,PERM-2024-00250,S1,R2,2024-05-11,,1,Under Review,Mobile App
251,PERM-2023-00251,S2,R1,2023-10-29,2023-10-31,2,Completed,Mobile App
252,PERM-2023-00252,S1,R2,2023-06-30,,3,Under Review,Online Portal
253,PERM-2024-00253,S1,R3,2024-08-29,2024-08-31,2,Completed,Online Portal
254,PERM-2024-00254,S1,R3,2024-11-30,2024-12-25,25,Rejected,Service Center
255,PERM-2025-00255,S3,R2,2025-09-19,2025-09-22,3,Completed,Mobile App
256,PERM-2023-00256,S1,R1,2023-07-10,,16,Under Review,Service Center
257,PERM-2023-00257,S1,R1,2023-09-10,,1,Under Review,Online Portal
258,PERM-2025-00258,S2,R2,2025-09-07,,21,Under Review,Kiosk
259,PERM-2025-00259,S3,R1,2025-07-16,2025-07-17,1,Completed,Online Portal
260,PERM-2023-00260,S1,R1,2023-05-08,2023-05-09,1,Completed,Online Portal
261,PERM-2023-00261,S2,R1,2023-01-18,2023-02-08,21,Rejected,Kiosk
262,PERM-2024-00262,S1,R1,2024-07-19,,3,Under Review,Online Portal
263,PERM-2024-00263,S2,R2,2024-07-23,2024-07-24,1,Completed,Mobile App
264,PERM-2024-00264,S2,R1,2024-11-16,2024-11-17,1,Completed,Online Portal
265,PERM-2024-00265,S2,R2,2024-09-17,2024-09-19,2,Completed,Mobile App
266,PERM-2025-00266,S2,R1,2025-05-03,,25,Under Review,Service Center
267,PERM-2025-00267,S2,R1,2025-08-19,2025-08-22,3,Completed,Online Portal
268,PERM-2023-00268,S1,R1,2023-06-04,2023-06-06,2,Completed,Mobile App
269,PERM-2024-00269,S2,R1,2024-05-04,2024-05-07,3,Completed,Online Portal
270,PERM-2025-00270,S1,R1,2025-02-23,2025-02-25,2,Completed,Mobile App
271,PERM-2023-00271,S3,R2,2023-09-03,2023-09-06,3,Completed,Online Portal
272,PERM-2025-00272,S5,R1,2025-11-28,2025-12-08,10,Completed,Online Portal
273,PERM-2025-00273,S5,R3,2025-01-28,2025-02-08,11,Completed,Online Portal
274,PERM-2024-00274,S3,R1,2024-06-21,2024-06-24,3,Completed,Online Portal
275,PERM-2025-00275,S2,R1,2025-07-09,2025-07-26,17,Completed,Service Center
276,PERM-2024-00276,S2,R2,2024-02-12,2024-02-13,1,Completed,Online Portal
277,PERM-2024-00277,S1,R1,2024-06-08,2024-06-10,2,Completed,Online Portal
278,PERM-2025-00278,S2,R1,2025-04-07,2025-04-10,3,Completed,Online Portal
279,PERM-2025-00279,S2,R1,2025-06-21,2025-06-23,2,Completed,Online Portal
280,PERM-2023-00280,S2,R1,2023-02-05,2023-02-07,2,Completed,Mobile App
281,PERM-2024-00281,S3,R3,2024-11-15,2024-12-01,16,Completed,Kiosk
282,PERM-2023-00282,S1,R1,2023-01-20,2023-01-21,1,Completed,Online Portal
283,PERM-2023-00283,S2,R2,2023-11-17,,22,Under Review,Service Center
284,PERM-2024-00284,S5,R3,2024-05-26,2024-06-04,9,Completed,Mobile App
285,PERM-2024-00285,S1,R1,2024-02-04,2024-02-07,3,Completed,Online Portal
286,PERM-2024-00286,S2,R4,2024-10-15,2024-10-16,1,Completed,Mobile App
287,PERM-2025-00287,S4,R1,2025-08-29,2025-08-31,2,Completed,Mobile App
288,PERM-2024-00288,S2,R5,2024-04-15,,2,Under Review,Mobile App
289,PERM-2025-00289,S2,R1,2025-04-13,2025-05-04,21,Rejected,Service Center
290,PERM-2024-00290,S1,R2,2024-12-27,2024-12-28,1,Completed,Online Portal
291,PERM-2025-00291,S2,R1,2025-05-03,2025-05-19,16,Completed,Service Center
292,PERM-2023-00292,S3,R1,2023-02-20,2023-02-22,2,Completed,Mobile App
293,PERM-2024-00293,S2,R2,2024-07-28,2024-07-30,2,Completed,Online Portal
294,PERM-2023-00294,S2,R2,2023-05-30,2023-06-02,3,Completed,Mobile App
295,PERM-2023-00295,S1,R1,2023-11-10,2023-11-11,1,Completed,Online Portal
296,PERM-2024-00296,S1,R1,2024-07-23,2024-08-09,17,Rejected,Kiosk
297,PERM-2023-00297,S5,R2,2023-11-01,2023-11-12,11,Completed,Mobile App
298,PERM-2024-00298,S2,R2,2024-11-12,2024-11-14,2,Completed,Online Portal
299,PERM-2025-00299,S2,R5,2025-04-17,2025-04-18,1,Completed,Online Portal
300,PERM-2025-00300,S1,R2,2025-12-13,2025-12-14,1,Completed,Mobile App
301,PERM-2025-00301,S2,R4,2025-09-29,,2,Under Review,Online Portal
302,PERM-2024-00302,S5,R2,2024-03-19,2024-03-29,10,Completed,Online Portal
303,PERM-2024-00303,S2,R1,2024-09-04,2024-09-05,1,Completed,Online Portal
304,PERM-2025-00304,S1,R1,2025-09-19,2025-09-22,3,Completed,Online Portal
305,PERM-2023-00305,S2,R2,2023-09-21,2023-09-22,1,Completed,Online Portal
306,PERM-2025-00306,S3,R2,2025-12-12,2025-12-15,3,Completed,Online Portal
307,PERM-2025-00307,S2,R1,2025-09-30,2025-10-02,2,Completed,Online Portal
308,PERM-2023-00308,S4,R1,2023-01-05,2023-01-07,2,Completed,Mobile App
309,PERM-2025-00309,S2,R4,2025-02-12,2025-02-15,3,Completed,Mobile App
310,PERM-2025-00310,S4,R1,2025-05-26,,3,Under Review,Online Portal
311,PERM-2025-00311,S2,R1,2025-09-18,2025-09-19,1,Completed,Online Portal
312,PERM-2025-00312,S1,R1,2025-06-02,2025-06-04,2,Completed,Mobile App
313,PERM-2023-00313,S2,R1,2023-02-16,2023-02-18,2,Completed,Online Portal
314,PERM-2025-00314,S1,R1,2025-05-16,2025-05-17,1,Completed,Online Portal
315,PERM-2025-00315,S4,R1,2025-04-02,2025-04-03,1,Completed,Online Portal
316,PERM-2025-00316,S3,R1,2025-07-24,2025-08-16,23,Rejected,Service Center
317,PERM-2024-00317,S2,R2,2024-10-17,2024-10-20,3,Completed,Mobile App
318,PERM-2023-00318,S2,R1,2023-09-26,2023-09-28,2,Completed,Mobile App
319,PERM-2024-00319,S1,R3,2024-01-05,2024-01-07,2,Completed,Mobile App
320,PERM-2024-00320,S3,R3,2024-09-27,2024-09-29,2,Completed,Mobile App
321,PERM-2024-00321,S2,R1,2024-10-18,2024-10-20,2,Completed,Online Portal
322,PERM-2023-00322,S1,R2,2023-04-30,2023-05-01,1,Completed,Mobile App
323,PERM-2025-00323,S2,R1,2025-04-10,2025-04-13,3,Completed,Online Portal
324,PERM-2025-00324,S1,R3,2025-12-17,2025-12-19,2,Completed,Mobile App
325,PERM-2025-00325,S2,R1,2025-01-10,2025-01-11,1,Completed,Mobile App
326,PERM-2023-00326,S2,R2,2023-04-27,2023-04-30,3,Completed,Mobile App
327,PERM-2025-00327,S1,R2,2025-03-01,2025-03-02,1,Completed,Online Portal
328,PERM-2025-00328,S5,R1,2025-10-09,2025-10-18,9,Completed,Online Portal
329,PERM-2025-00329,S1,R1,2025-12-17,2025-12-19,2,Completed,Mobile App
330,PERM-2024-00330,S1,R2,2024-09-25,2024-09-26,1,Completed,Mobile App
331,PERM-2024-00331,S1,R2,2024-05-27,,19,Under Review,Service Center
332,PERM-2025-00332,S3,R1,2025-03-12,,1,Under Review,Online Portal
333,PERM-2024-00333,S2,R2,2024-07-13,2024-07-14,1,Completed,Mobile App
334,PERM-2024-00334,S2,R1,2024-05-02,2024-05-05,3,Completed,Mobile App
335,PERM-2025-00335,S1,R2,2025-06-15,2025-07-07,22,Completed,Service Center
336,PERM-2024-00336,S1,R1,2024-12-04,2024-12-07,3,Completed,Mobile App
337,PERM-2024-00337,S2,R3,2024-08-03,2024-08-06,3,Completed,Mobile App
338,PERM-2025-00338,S3,R1,2025-02-28,2025-03-03,3,Completed,Mobile App
339,PERM-2025-00339,S4,R1,2025-05-10,2025-05-13,3,Completed,Mobile App
340,PERM-2023-00340,S1,R1,2023-09-04,2023-09-28,24,Completed,Kiosk
341,PERM-2023-00341,S2,R1,2023-06-03,2023-06-04,1,Completed,Online Portal
342,PERM-2025-00342,S4,R1,2025-09-23,2025-09-25,2,Completed,Online Portal
343,PERM-2024-00343,S2,R1,2024-11-27,,15,Under Review,Service Center
344,PERM-2025-00344,S3,R3,2025-12-28,2025-12-31,3,Completed,Mobile App
345,PERM-2025-00345,S1,R1,2025-12-06,2025-12-09,3,Completed,Mobile App
346,PERM-2025-00346,S5,R1,2025-10-05,2025-10-15,10,Completed,Online Portal
347,PERM-2023-00347,S3,R1,2023-04-04,2023-04-06,2,Completed,Online Portal
348,PERM-2025-00348,S5,R1,2025-08-15,2025-08-26,11,Completed,Mobile App
349,PERM-2025-00349,S2,R1,2025-10-08,2025-10-10,2,Completed,Mobile App
350,PERM-2024-00350,S2,R1,2024-03-28,2024-03-31,3,Completed,Online Portal
351,PERM-2025-00351,S5,R1,2025-06-30,2025-07-09,9,Completed,Online Portal
352,PERM-2023-00352,S1,R1,2023-08-06,2023-08-30,24,Rejected,Service Center
353,PERM-2024-00353,S2,R1,2024-04-18,2024-04-20,2,Completed,Online Portal
354,PERM-2024-00354,S2,R2,2024-03-07,,22,Under Review,Service Center
355,PERM-2023-00355,S3,R1,2023-12-07,2023-12-10,3,Completed,Online Portal
356,PERM-2024-00356,S5,R1,2024-07-04,2024-07-13,9,Completed,Mobile App
357,PERM-2023-00357,S1,R5,2023-12-23,,17,Under Review,Service Center
358,PERM-2023-00358,S3,R1,2023-01-23,2023-01-25,2,Rejected,Mobile App
359,PERM-2024-00359,S2,R2,2024-06-05,2024-06-07,2,Completed,Online Portal
360,PERM-2025-00360,S1,R1,2025-03-12,2025-03-15,3,Completed,Mobile App
361,PERM-2025-00361,S2,R2,2025-01-31,2025-02-02,2,Completed,Online Portal
362,PERM-2024-00362,S1,R2,2024-03-17,2024-03-18,1,Completed,Online Portal
363,PERM-2025-00363,S2,R1,2025-02-07,2025-03-02,23,Rejected,Kiosk
364,PERM-2025-00364,S5,R5,2025-10-12,,9,Under Review,Mobile App
365,PERM-2024-00365,S2,R1,2024-05-30,2024-06-01,2,Completed,Mobile App
366,PERM-2025-00366,S2,R1,2025-11-05,2025-11-06,1,Completed,Online Portal
367,PERM-2025-00367,S5,R2,2025-03-02,2025-03-12,10,Completed,Online Portal
368,PERM-2023-00368,S2,R3,2023-12-02,2023-12-03,1,Completed,Online Portal
369,PERM-2023-00369,S3,R1,2023-09-15,2023-09-16,1,Completed,Mobile App
370,PERM-2024-00370,S2,R1,2024-05-11,2024-05-12,1,Completed,Mobile App
371,PERM-2025-00371,S3,R1,2025-06-14,2025-06-16,2,Completed,Mobile App
372,PERM-2023-00372,S1,R1,2023-06-09,,19,Under Review,Service Center
373,PERM-2025-00373,S5,R2,2025-05-01,2025-05-10,9,Completed,Online Portal
374,PERM-2024-00374,S1,R1,2024-11-20,2024-11-23,3,Completed,Online Portal
375,PERM-2024-00375,S2,R1,2024-01-15,2024-01-17,2,Completed,Online Portal
376,PERM-2025-00376,S3,R1,2025-08-14,2025-08-16,2,Completed,Online Portal
377,PERM-2024-00377,S2,R1,2024-11-21,2024-11-24,3,Completed,Online Portal
378,PERM-2025-00378,S2,R1,2025-12-02,,17,Under Review,Kiosk
379,PERM-2023-00379,S2,R2,2023-10-12,2023-10-13,1,Completed,Online Portal
380,PERM-2024-00380,S2,R5,2024-02-01,,14,Under Review,Service Center
381,PERM-2023-00381,S1,R3,2023-01-12,2023-01-13,1,Completed,Online Portal
382,PERM-2024-00382,S1,R1,2024-05-13,2024-05-27,14,Completed,Kiosk
383,PERM-2025-00383,S1,R3,2025-01-23,2025-01-26,3,Completed,Mobile App
384,PERM-2023-00384,S2,R2,2023-02-04,,25,Under Review,Service Center
385,PERM-2024-00385,S1,R2,2024-12-27,2024-12-29,2,Completed,Online Portal
386,PERM-2025-00386,S2,R1,2025-04-28,2025-04-30,2,Completed,Mobile App
387,PERM-2023-00387,S2,R1,2023-03-31,2023-04-13,13,Completed,Service Center
388,PERM-2025-00388,S1,R1,2025-02-14,2025-02-15,1,Completed,Online Portal
389,PERM-2024-00389,S2,R1,2024-08-27,2024-08-28,1,Completed,Online Portal
390,PERM-2025-00390,S4,R1,2025-08-27,2025-08-30,3,Completed,Online Portal
391,PERM-2025-00391,S1,R1,2025-10-18,,13,Under Review,Service Center
392,PERM-2024-00392,S2,R1,2024-02-22,2024-02-25,3,Completed,Mobile App
393,PERM-2023-00393,S2,R2,2023-04-25,2023-04-26,1,Completed,Mobile App
394,PERM-2024-00394,S2,R1,2024-09-08,2024-09-10,2,Completed,Online Portal
395,PERM-2025-00395,S2,R1,2025-04-05,2025-04-08,3,Completed,Online Portal
396,PERM-2024-00396,S2,R4,2024-02-17,,20,Under Review,Service Center
397,PERM-2024-00397,S2,R4,2024-12-29,2024-12-30,1,Completed,Online Portal
398,PERM-2025-00398,S1,R2,2025-10-17,2025-10-18,1,Completed,Mobile App
399,PERM-2025-00399,S2,R5,2025-01-30,2025-02-18,19,Completed,Service Center
400,PERM-2024-00400,S2,R1,2024-11-06,2024-11-07,1,Completed,Online Portal
401,PERM-2024-00401,S1,R5,2024-04-01,,1,Under Review,Mobile App
402,PERM-2025-00402,S2,R1,2025-07-08,2025-07-09,1,Completed,Online Portal
403,PERM-2023-00403,S5,R1,2023-07-11,2023-07-21,10,Completed,Mobile App
404,PERM-2025-00404,S2,R1,2025-01-08,,2,Under Review,Online Portal
405,PERM-2025-00405,S2,R1,2025-09-04,2025-09-07,3,Completed,Mobile App
406,PERM-2025-00406,S4,R1,2025-10-05,2025-10-07,2,Completed,Online Portal
407,PERM-2023-00407,S2,R2,2023-04-06,2023-04-07,1,Completed,Online Portal
408,PERM-2024-00408,S2,R2,2024-10-24,2024-10-26,2,Completed,Mobile App
409,PERM-2023-00409,S3,R2,2023-02-06,2023-02-08,2,Completed,Online Portal
410,PERM-2023-00410,S3,R1,2023-10-06,2023-10-07,1,Completed,Mobile App
411,PERM-2023-00411,S2,R3,2023-08-05,2023-08-07,2,Completed,Online Portal
412,PERM-2025-00412,S2,R2,2025-05-16,2025-05-18,2,Completed,Mobile App
413,PERM-2025-00413,S2,R1,2025-05-22,2025-05-24,2,Completed,Online Portal
414,PERM-2023-00414,S5,R2,2023-03-03,2023-03-13,10,Completed,Mobile App
415,PERM-2024-00415,S2,R1,2024-08-18,2024-08-19,1,Completed,Online Portal
416,PERM-2024-00416,S1,R1,2024-12-29,2024-12-31,2,Completed,Online Portal
417,PERM-2024-00417,S3,R4,2024-02-01,2024-02-02,1,Completed,Online Portal
418,PERM-2024-00418,S2,R1,2024-11-29,2024-12-02,3,Completed,Mobile App
419,PERM-2025-00419,S1,R1,2025-11-08,2025-11-09,1,Completed,Online Portal
420,PERM-2023-00420,S2,R3,2023-06-26,2023-07-08,12,Completed,Service Center
421,PERM-2024-00421,S2,R2,2024-01-31,2024-02-16,16,Rejected,Service Center
422,PERM-2024-00422,S4,R1,2024-03-20,2024-03-22,2,Completed,Online Portal
423,PERM-2023-00423,S1,R1,2023-03-17,2023-03-20,3,Completed,Mobile App
424,PERM-2023-00424,S3,R1,2023-09-22,2023-09-25,3,Completed,Online Portal
425,PERM-2024-00425,S2,R2,2024-03-30,2024-04-02,3,Completed,Online Portal
426,PERM-2024-00426,S1,R1,2024-12-18,2024-12-21,3,Completed,Mobile App
427,PERM-2025-00427,S5,R1,2025-01-04,2025-01-14,10,Completed,Mobile App
428,PERM-2025-00428,S2,R4,2025-04-30,2025-05-03,3,Rejected,Mobile App
429,PERM-2023-00429,S1,R1,2023-05-24,2023-05-27,3,Completed,Online Portal
430,PERM-2025-00430,S2,R1,2025-06-03,2025-06-06,3,Completed,Online Portal
431,PERM-2025-00431,S3,R1,2025-12-28,2025-12-29,1,Rejected,Online Portal
432,PERM-2024-00432,S2,R2,2024-01-31,2024-02-01,1,Completed,Mobile App
433,PERM-2025-00433,S1,R1,2025-11-14,,1,Under Review,Mobile App
434,PERM-2025-00434,S1,R1,2025-08-05,2025-08-07,2,Completed,Mobile App
435,PERM-2025-00435,S1,R3,2025-06-09,2025-06-12,3,Completed,Online Portal
436,PERM-2024-00436,S3,R1,2024-07-22,2024-07-23,1,Completed,Online Portal
437,PERM-2025-00437,S2,R1,2025-11-28,2025-12-01,3,Rejected,Online Portal
438,PERM-2023-00438,S1,R1,2023-04-19,2023-04-21,2,Completed,Online Portal
439,PERM-2025-00439,S1,R1,2025-12-01,2025-12-03,2,Completed,Online Portal
440,PERM-2025-00440,S2,R1,2025-07-23,2025-08-04,12,Completed,Service Center
441,PERM-2024-00441,S5,R1,2024-02-02,,27,Under Review,Service Center
442,PERM-2024-00442,S2,R1,2024-09-25,2024-09-26,1,Completed,Mobile App
443,PERM-2025-00443,S5,R1,2025-01-02,2025-01-11,9,Completed,Online Portal
444,PERM-2023-00444,S2,R3,2023-08-23,2023-08-24,1,Completed,Online Portal
445,PERM-2024-00445,S1,R5,2024-10-19,2024-11-02,14,Rejected,Service Center
446,PERM-2025-00446,S4,R2,2025-01-20,2025-01-23,3,Completed,Online Portal
447,PERM-2024-00447,S2,R3,2024-08-10,,15,Under Review,Service Center
448,PERM-2025-00448,S2,R1,2025-10-29,2025-11-01,3,Completed,Online Portal
449,PERM-2025-00449,S5,R5,2025-08-11,2025-08-20,9,Completed,Online Portal
450,PERM-2024-00450,S1,R1,2024-05-06,2024-05-29,23,Completed,Service Center
451,PERM-2025-00451,S1,R4,2025-07-01,2025-07-03,2,Completed,Online Portal
452,PERM-2023-00452,S2,R5,2023-06-19,2023-06-20,1,Completed,Mobile App
453,PERM-2025-00453,S1,R2,2025-08-03,2025-08-04,1,Completed,Mobile App
454,PERM-2025-00454,S1,R5,2025-03-05,,3,Under Review,Online Portal
455,PERM-2024-00455,S1,R2,2024-09-25,2024-09-28,3,Completed,Online Portal
456,PERM-2023-00456,S1,R1,2023-01-29,2023-01-31,2,Completed,Mobile App
457,PERM-2023-00457,S3,R1,2023-12-05,2023-12-07,2,Completed,Mobile App
458,PERM-2024-00458,S1,R2,2024-05-14,2024-05-15,1,Completed,Online Portal
459,PERM-2024-00459,S2,R1,2024-05-25,2024-06-08,14,Completed,Service Center
460,PERM-2023-00460,S2,R2,2023-08-05,2023-08-06,1,Completed,Online Portal
461,PERM-2025-00461,S2,R5,2025-12-29,,1,Under Review,Online Portal
462,PERM-2024-00462,S1,R1,2024-03-20,2024-03-22,2,Completed,Online Portal
463,PERM-2025-00463,S3,R2,2025-05-25,2025-05-27,2,Completed,Online Portal
464,PERM-2023-00464,S1,R4,2023-06-16,2023-06-19,3,Completed,Online Portal
465,PERM-2023-00465,S3,R4,2023-04-01,2023-04-13,12,Rejected,Kiosk
466,PERM-2024-00466,S4,R5,2024-12-14,2024-12-16,2,Completed,Online Portal
467,PERM-2023-00467,S2,R1,2023-02-08,2023-02-10,2,Completed,Online Portal
468,PERM-2023-00468,S2,R5,2023-06-22,,3,Under Review,Online Portal
469,PERM-2024-00469,S2,R2,2024-10-14,2024-10-15,1,Completed,Mobile App
470,PERM-2025-00470,S2,R1,2025-01-23,,22,Under Review,Service Center
471,PERM-2025-00471,S4,R1,2025-12-17,2025-12-20,3,Completed,Online Portal
472,PERM-2024-00472,S4,R2,2024-04-20,2024-04-22,2,Completed,Online Portal
473,PERM-2024-00473,S2,R1,2024-03-31,,1,Under Review,Online Portal
474,PERM-2025-00474,S2,R2,2025-04-08,2025-04-10,2,Completed,Online Portal
475,PERM-2025-00475,S5,R2,2025-06-13,2025-06-22,9,Completed,Online Portal
476,PERM-2025-00476,S5,R1,2025-10-21,2025-10-30,9,Rejected,Online Portal
477,PERM-2024-00477,S2,R2,2024-01-22,2024-01-23,1,Completed,Online Portal
478,PERM-2023-00478,S2,R2,2023-12-14,2023-12-17,3,Completed,Mobile App
479,PERM-2023-00479,S1,R1,2023-07-09,2023-07-12,3,Completed,Online Portal
480,PERM-2024-00480,S5,R1,2024-05-19,2024-06-19,31,Completed,Service Center
481,PERM-2025-00481,S1,R1,2025-04-03,2025-04-18,15,Completed,Service Center
482,PERM-2025-00482,S2,R1,2025-07-17,2025-07-20,3,Completed,Mobile App
483,PERM-2025-00483,S1,R4,2025-07-22,2025-07-24,2,Completed,Online Portal
484,PERM-2023-00484,S1,R1,2023-05-14,2023-05-16,2,Completed,Online Portal
485,PERM-2023-00485,S2,R2,2023-02-27,2023-03-01,2,Completed,Online Portal
486,PERM-2024-00486,S5,R1,2024-11-15,2024-11-25,10,Completed,Mobile App
487,PERM-2024-00487,S1,R1,2024-11-02,2024-11-03,1,Completed,Online Portal
488,PERM-2023-00488,S2,R3,2023-06-22,2023-07-10,18,Completed,Service Center
489,PERM-2025-00489,S1,R2,2025-03-25,2025-04-13,19,Completed,Service Center
490,PERM-2023-00490,S1,R1,2023-03-21,2023-03-23,2,Completed,Online Portal
491,PERM-2025-00491,S2,R1,2025-06-04,2025-06-05,1,Completed,Mobile App
492,PERM-2023-00492,S2,R1,2023-07-22,2023-07-23,1,Completed,Online Portal
493,PERM-2025-00493,S1,R1,2025-02-02,2025-02-05,3,Completed,Online Portal
494,PERM-2023-00494,S2,R2,2023-02-16,2023-02-19,3,Completed,Online Portal
495,PERM-2024-00495,S1,R1,2024-10-17,2024-10-20,3,Completed,Online Portal
496,PERM-2024-00496,S2,R1,2024-04-15,2024-05-03,18,Rejected,Service Center
497,PERM-2025-00497,S5,R1,2025-08-28,2025-09-07,10,Completed,Online Portal
498,PERM-2025-00498,S5,R4,2025-11-01,2025-11-12,11,Completed,Online Portal
499,PERM-2025-00499,S2,R5,2025-01-05,,2,Under Review,Mobile App
500,PERM-2025-00500,S2,R1,2025-02-22,2025-02-24,2,Completed,Mobile App
501,PERM-2025-00501,S4,R2,2025-08-25,2025-08-26,1,Completed,Online Portal
502,PERM-2023-00502,S1,R1,2023-12-24,2024-01-12,19,Completed,Service Center
503,PERM-2025-00503,S3,R1,2025-08-29,2025-08-31,2,Completed,Mobile App
504,PERM-2024-00504,S5,R2,2024-10-29,,10,Under Review,Online Portal
505,PERM-2024-00505,S1,R4,2024-01-08,2024-01-10,2,Completed,Online Portal
506,PERM-2025-00506,S1,R4,2025-10-28,2025-10-29,1,Completed,Online Portal
507,PERM-2024-00507,S5,R2,2024-11-06,2024-12-07,31,Completed,Service Center
508,PERM-2023-00508,S2,R1,2023-03-31,2023-04-03,3,Completed,Mobile App
509,PERM-2024-00509,S1,R2,2024-11-28,2024-12-18,20,Completed,Service Center
510,PERM-2024-00510,S1,R1,2024-06-23,2024-06-25,2,Completed,Online Portal
511,PERM-2025-00511,S2,R2,2025-01-01,2025-01-02,1,Rejected,Online Portal
512,PERM-2025-00512,S2,R1,2025-05-18,2025-05-20,2,Completed,Online Portal
513,PERM-2023-00513,S2,R2,2023-02-10,2023-02-13,3,Completed,Online Portal
514,PERM-2025-00514,S5,R1,2025-01-09,2025-01-20,11,Completed,Mobile App
515,PERM-2024-00515,S1,R1,2024-05-16,2024-05-18,2,Completed,Mobile App
516,PERM-2025-00516,S2,R4,2025-08-16,2025-08-19,3,Completed,Online Portal
517,PERM-2025-00517,S2,R1,2025-07-17,2025-07-19,2,Completed,Online Portal
518,PERM-2024-00518,S2,R1,2024-04-05,2024-04-07,2,Completed,Online Portal
519,PERM-2025-00519,S1,R1,2025-01-01,2025-01-03,2,Completed,Online Portal
520,PERM-2025-00520,S5,R1,2025-01-21,2025-02-01,11,Completed,Online Portal
521,PERM-2025-00521,S3,R1,2025-07-13,2025-07-15,2,Completed,Online Portal
522,PERM-2025-00522,S2,R1,2025-06-27,2025-06-28,1,Completed,Online Portal
523,PERM-2024-00523,S2,R3,2024-01-25,2024-01-27,2,Completed,Online Portal
524,PERM-2025-00524,S1,R1,2025-06-01,2025-06-03,2,Completed,Online Portal
525,PERM-2023-00525,S2,R4,2023-09-13,2023-09-16,3,Completed,Online Portal
526,PERM-2024-00526,S2,R2,2024-12-09,2024-12-12,3,Rejected,Mobile App
527,PERM-2024-00527,S2,R1,2024-03-25,2024-03-28,3,Completed,Online Portal
528,PERM-2023-00528,S5,R2,2023-01-10,,24,Under Review,Kiosk
529,PERM-2025-00529,S2,R1,2025-04-03,2025-04-06,3,Completed,Online Portal
530,PERM-2025-00530,S2,R2,2025-03-08,2025-03-09,1,Completed,Online Portal
531,PERM-2025-00531,S3,R1,2025-05-26,2025-05-27,1,Completed,Online Portal
532,PERM-2025-00532,S1,R1,2025-10-25,2025-10-28,3,Completed,Online Portal
533,PERM-2025-00533,S2,R3,2025-10-12,2025-10-24,12,Completed,Service Center
534,PERM-2024-00534,S2,R4,2024-01-09,2024-01-11,2,Completed,Online Portal
535,PERM-2025-00535,S2,R3,2025-12-24,2026-01-05,12,Completed,Service Center
536,PERM-2023-00536,S3,R1,2023-05-26,2023-06-14,19,Completed,Service Center
537,PERM-2023-00537,S2,R2,2023-08-12,2023-08-15,3,Completed,Mobile App
538,PERM-2023-00538,S3,R1,2023-06-26,2023-06-29,3,Completed,Mobile App
539,PERM-2025-00539,S2,R1,2025-05-02,2025-05-03,1,Completed,Mobile App
540,PERM-2023-00540,S2,R1,2023-03-04,2023-03-06,2,Completed,Online Portal
541,PERM-2025-00541,S3,R2,2025-04-06,2025-04-08,2,Completed,Mobile App
542,PERM-2025-00542,S1,R1,2025-03-05,2025-03-06,1,Completed,Online Portal
543,PERM-2024-00543,S1,R1,2024-11-19,2024-11-20,1,Completed,Online Portal
544,PERM-2023-00544,S2,R3,2023-04-15,2023-04-16,1,Completed,Online Portal
545,PERM-2024-00545,S1,R1,2024-05-25,2024-05-28,3,Completed,Mobile App
546,PERM-2024-00546,S1,R1,2024-01-20,2024-02-01,12,Completed,Service Center
547,PERM-2024-00547,S2,R1,2024-02-09,2024-02-10,1,Completed,Online Portal
548,PERM-2025-00548,S2,R4,2025-04-02,,19,Under Review,Service Center
549,PERM-2024-00549,S2,R1,2024-06-01,2024-06-02,1,Completed,Online Portal
550,PERM-2024-00550,S5,R1,2024-04-20,2024-05-01,11,Completed,Online Portal
551,PERM-2024-00551,S2,R3,2024-12-09,2024-12-10,1,Completed,Online Portal
552,PERM-2025-00552,S3,R3,2025-02-09,2025-02-11,2,Completed,Online Portal
553,PERM-2025-00553,S1,R1,2025-11-12,2025-11-13,1,Completed,Online Portal
554,PERM-2025-00554,S2,R2,2025-09-23,2025-09-24,1,Completed,Mobile App
555,PERM-2024-00555,S3,R2,2024-11-07,2024-11-30,23,Rejected,Service Center
556,PERM-2024-00556,S2,R2,2024-12-14,2024-12-16,2,Completed,Online Portal
557,PERM-2023-00557,S2,R1,2023-03-24,2023-03-25,1,Completed,Online Portal
558,PERM-2024-00558,S2,R3,2024-04-01,,24,Under Review,Service Center
559,PERM-2023-00559,S1,R1,2023-01-01,,2,Under Review,Mobile App
560,PERM-2023-00560,S2,R1,2023-02-20,2023-02-21,1,Completed,Online Portal
561,PERM-2024-00561,S2,R1,2024-11-15,2024-11-18,3,Completed,Online Portal
562,PERM-2024-00562,S3,R1,2024-12-17,2025-01-03,17,Completed,Service Center
563,PERM-2024-00563,S1,R1,2024-03-24,2024-03-26,2,Completed,Mobile App
564,PERM-2025-00564,S5,R2,2025-05-30,2025-06-10,11,Completed,Online Portal
565,PERM-2024-00565,S5,R1,2024-05-02,2024-05-12,10,Completed,Online Portal
566,PERM-2023-00566,S1,R1,2023-02-03,2023-02-23,20,Completed,Service Center
567,PERM-2023-00567,S2,R1,2023-04-05,2023-04-06,1,Completed,Online Portal
568,PERM-2025-00568,S4,R1,2025-12-31,2026-01-12,12,Completed,Kiosk
569,PERM-2023-00569,S5,R5,2023-06-03,,9,Under Review,Online Portal
570,PERM-2023-00570,S2,R1,2023-09-07,2023-09-09,2,Completed,Mobile App
571,PERM-2024-00571,S2,R1,2024-11-04,2024-11-06,2,Completed,Online Portal
572,PERM-2024-00572,S2,R1,2024-03-13,2024-03-15,2,Completed,Online Portal
573,PERM-2023-00573,S2,R1,2023-04-28,2023-05-20,22,Rejected,Service Center
574,PERM-2025-00574,S1,R1,2025-02-09,2025-02-12,3,Completed,Online Portal
575,PERM-2023-00575,S2,R2,2023-09-25,2023-09-28,3,Completed,Mobile App
576,PERM-2025-00576,S1,R5,2025-12-13,2025-12-15,2,Completed,Online Portal
577,PERM-2023-00577,S1,R1,2023-08-24,2023-08-27,3,Completed,Online Portal
578,PERM-2024-00578,S2,R2,2024-01-24,2024-01-27,3,Completed,Online Portal
579,PERM-2025-00579,S2,R2,2025-09-16,2025-09-17,1,Completed,Mobile App
580,PERM-2025-00580,S2,R3,2025-02-01,2025-02-04,3,Completed,Online Portal
581,PERM-2024-00581,S2,R1,2024-02-05,2024-02-08,3,Completed,Online Portal
582,PERM-2024-00582,S2,R1,2024-09-15,2024-09-17,2,Completed,Online Portal
583,PERM-2025-00583,S1,R1,2025-02-05,2025-02-07,2,Completed,Mobile App
584,PERM-2025-00584,S2,R2,2025-07-07,2025-07-09,2,Completed,Mobile App
585,PERM-2025-00585,S5,R3,2025-05-02,2025-05-12,10,Completed,Online Portal
586,PERM-2024-00586,S2,R1,2024-07-31,,1,Under Review,Online Portal
587,PERM-2023-00587,S2,R1,2023-03-16,2023-04-05,20,Completed,Service Center
588,PERM-2024-00588,S2,R4,2024-03-10,2024-03-13,3,Completed,Online Portal
589,PERM-2023-00589,S5,R3,2023-04-13,2023-05-07,24,Completed,Service Center
590,PERM-2025-00590,S1,R5,2025-02-02,2025-02-18,16,Completed,Service Center
591,PERM-2025-00591,S2,R2,2025-01-07,2025-01-09,2,Completed,Mobile App
592,PERM-2025-00592,S2,R1,2025-03-16,2025-03-19,3,Completed,Online Portal
593,PERM-2023-00593,S2,R2,2023-04-08,2023-04-24,16,Rejected,Service Center
594,PERM-2025-00594,S1,R2,2025-03-08,2025-03-10,2,Completed,Mobile App
595,PERM-2025-00595,S2,R1,2025-05-08,2025-05-10,2,Completed,Mobile App
596,PERM-2024-00596,S1,R1,2024-03-10,2024-03-11,1,Completed,Online Portal
597,PERM-2024-00597,S2,R2,2024-03-22,2024-03-25,3,Completed,Online Portal
598,PERM-2023-00598,S2,R1,2023-09-06,,2,Under Review,Online Portal
599,PERM-2023-00599,S1,R2,2023-06-15,2023-06-17,2,Completed,Mobile App
600,PERM-2025-00600,S3,R2,2025-09-10,2025-09-11,1,Completed,Mobile App
601,PERM-2025-00601,S1,R4,2025-10-16,2025-10-17,1,Completed,Online Portal
602,PERM-2024-00602,S3,R1,2024-06-25,2024-06-26,1,Completed,Online Portal
603,PERM-2025-00603,S2,R1,2025-01-28,2025-01-31,3,Completed,Online Portal
604,PERM-2023-00604,S1,R2,2023-03-22,2023-03-24,2,Completed,Mobile App
605,PERM-2023-00605,S1,R1,2023-05-13,,14,Under Review,Service Center
606,PERM-2025-00606,S5,R2,2025-03-07,2025-03-17,10,Completed,Online Portal
607,PERM-2025-00607,S1,R2,2025-06-18,2025-06-19,1,Completed,Online Portal
608,PERM-2023-00608,S1,R1,2023-05-18,2023-05-20,2,Completed,Online Portal
609,PERM-2023-00609,S2,R1,2023-07-03,2023-07-04,1,Completed,Mobile App
610,PERM-2025-00610,S2,R1,2025-02-23,2025-02-25,2,Completed,Mobile App
611,PERM-2025-00611,S2,R1,2025-09-10,2025-10-05,25,Rejected,Service Center
612,PERM-2023-00612,S1,R4,2023-03-10,2023-03-12,2,Completed,Online Portal
613,PERM-2024-00613,S1,R3,2024-06-29,2024-07-11,12,Rejected,Kiosk
614,PERM-2023-00614,S1,R2,2023-02-22,2023-02-24,2,Completed,Online Portal
615,PERM-2023-00615,S1,R2,2023-07-24,2023-07-25,1,Completed,Mobile App
616,PERM-2023-00616,S2,R1,2023-05-06,2023-05-07,1,Completed,Online Portal
617,PERM-2023-00617,S2,R4,2023-02-12,2023-03-01,17,Rejected,Service Center
618,PERM-2023-00618,S1,R2,2023-04-21,2023-04-22,1,Completed,Mobile App
619,PERM-2025-00619,S2,R2,2025-01-30,2025-01-31,1,Completed,Mobile App
620,PERM-2025-00620,S2,R3,2025-04-27,,17,Under Review,Service Center
621,PERM-2023-00621,S5,R1,2023-04-05,2023-04-16,11,Completed,Online Portal
622,PERM-2025-00622,S5,R3,2025-06-18,2025-06-29,11,Completed,Online Portal
623,PERM-2023-00623,S3,R1,2023-12-26,2024-01-07,12,Rejected,Service Center
624,PERM-2025-00624,S1,R1,2025-06-18,2025-06-20,2,Completed,Online Portal
625,PERM-2023-00625,S1,R1,2023-10-08,2023-10-09,1,Completed,Online Portal
626,PERM-2024-00626,S2,R5,2024-10-28,2024-10-30,2,Completed,Online Portal
627,PERM-2023-00627,S1,R3,2023-04-03,2023-04-04,1,Completed,Mobile App
628,PERM-2024-00628,S2,R2,2024-11-02,2024-11-04,2,Completed,Online Portal
629,PERM-2023-00629,S3,R2,2023-03-02,,3,Under Review,Online Portal
630,PERM-2024-00630,S3,R2,2024-09-25,2024-09-28,3,Completed,Online Portal
631,PERM-2025-00631,S3,R4,2025-12-10,2025-12-11,1,Completed,Online Portal
632,PERM-2025-00632,S2,R1,2025-10-25,,15,Under Review,Service Center
633,PERM-2024-00633,S2,R1,2024-08-26,2024-09-12,17,Completed,Kiosk
634,PERM-2024-00634,S2,R1,2024-11-12,2024-11-13,1,Completed,Mobile App
635,PERM-2024-00635,S1,R2,2024-06-17,2024-06-18,1,Completed,Online Portal
636,PERM-2025-00636,S2,R2,2025-04-17,2025-05-09,22,Completed,Service Center
637,PERM-2024-00637,S1,R1,2024-10-06,2024-10-07,1,Completed,Mobile App
638,PERM-2023-00638,S2,R1,2023-08-21,2023-08-22,1,Completed,Online Portal
639,PERM-2024-00639,S2,R3,2024-06-07,,13,Under Review,Service Center
640,PERM-2023-00640,S2,R1,2023-12-12,2023-12-14,2,Completed,Mobile App
641,PERM-2025-00641,S3,R2,2025-12-05,2025-12-07,2,Completed,Mobile App
642,PERM-2024-00642,S2,R5,2024-06-29,2024-07-02,3,Completed,Mobile App
643,PERM-2025-00643,S3,R1,2025-03-04,2025-03-06,2,Completed,Online Portal
644,PERM-2023-00644,S1,R1,2023-09-06,2023-09-07,1,Completed,Online Portal
645,PERM-2023-00645,S2,R2,2023-02-16,2023-02-18,2,Completed,Mobile App
646,PERM-2023-00646,S2,R3,2023-08-02,2023-08-04,2,Completed,Online Portal
647,PERM-2023-00647,S2,R1,2023-08-27,2023-08-30,3,Completed,Online Portal
648,PERM-2025-00648,S5,R5,2025-12-15,,9,Under Review,Mobile App
649,PERM-2023-00649,S1,R1,2023-12-16,2023-12-19,3,Completed,Mobile App
650,PERM-2023-00650,S2,R1,2023-04-17,2023-04-18,1,Completed,Online Portal
651,PERM-2025-00651,S2,R2,2025-04-10,2025-04-11,1,Completed,Mobile App
652,PERM-2023-00652,S4,R3,2023-02-17,,21,Under Review,Service Center
653,PERM-2023-00653,S1,R1,2023-12-03,2023-12-04,1,Completed,Mobile App
654,PERM-2025-00654,S3,R3,2025-11-15,2025-11-17,2,Completed,Online Portal
655,PERM-2025-00655,S2,R2,2025-03-14,2025-03-17,3,Completed,Online Portal
656,PERM-2023-00656,S1,R1,2023-01-08,,1,Under Review,Online Portal
657,PERM-2024-00657,S2,R1,2024-09-16,2024-09-19,3,Completed,Online Portal
658,PERM-2024-00658,S2,R3,2024-12-19,2024-12-22,3,Completed,Online Portal
659,PERM-2023-00659,S2,R1,2023-10-30,2023-11-02,3,Rejected,Online Portal
660,PERM-2024-00660,S4,R1,2024-09-30,2024-10-02,2,Completed,Online Portal
661,PERM-2023-00661,S2,R1,2023-02-25,2023-03-17,20,Completed,Service Center
662,PERM-2024-00662,S2,R3,2024-12-26,2024-12-27,1,Completed,Online Portal
663,PERM-2024-00663,S2,R2,2024-06-09,2024-06-10,1,Completed,Mobile App
664,PERM-2024-00664,S1,R2,2024-04-18,2024-04-20,2,Completed,Mobile App
665,PERM-2023-00665,S1,R1,2023-01-28,2023-01-30,2,Completed,Online Portal
666,PERM-2023-00666,S2,R2,2023-03-19,2023-04-01,13,Completed,Service Center
667,PERM-2023-00667,S2,R2,2023-12-31,2024-01-01,1,Completed,Mobile App
668,PERM-2024-00668,S1,R3,2024-10-27,,3,Under Review,Online Portal
669,PERM-2024-00669,S2,R4,2024-06-09,2024-06-11,2,Completed,Mobile App
670,PERM-2024-00670,S2,R1,2024-11-29,2024-12-01,2,Completed,Online Portal
671,PERM-2025-00671,S1,R2,2025-06-01,2025-06-03,2,Completed,Mobile App
672,PERM-2025-00672,S2,R1,2025-10-27,2025-10-29,2,Completed,Online Portal
673,PERM-2025-00673,S1,R1,2025-10-23,2025-11-04,12,Rejected,Service Center
674,PERM-2025-00674,S5,R1,2025-07-07,2025-07-18,11,Completed,Online Portal
675,PERM-2025-00675,S3,R1,2025-01-19,2025-01-21,2,Completed,Mobile App
676,PERM-2023-00676,S2,R1,2023-12-29,2023-12-31,2,Completed,Online Portal
677,PERM-2025-00677,S1,R2,2025-03-16,2025-03-18,2,Completed,Mobile App
678,PERM-2025-00678,S3,R1,2025-01-08,2025-01-10,2,Completed,Mobile App
679,PERM-2025-00679,S3,R2,2025-11-04,2025-11-05,1,Completed,Online Portal
680,PERM-2024-00680,S3,R1,2024-04-29,2024-04-30,1,Completed,Mobile App
681,PERM-2023-00681,S1,R1,2023-01-28,2023-01-31,3,Completed,Online Portal
682,PERM-2024-00682,S2,R2,2024-12-14,2024-12-29,15,Completed,Service Center
683,PERM-2025-00683,S3,R1,2025-11-28,2025-11-30,2,Completed,Online Portal
684,PERM-2023-00684,S2,R1,2023-03-27,2023-04-12,16,Rejected,Service Center
685,PERM-2023-00685,S2,R2,2023-05-06,,14,Under Review,Service Center
686,PERM-2025-00686,S2,R1,2025-03-22,2025-03-23,1,Completed,Online Portal
687,PERM-2024-00687,S2,R1,2024-06-20,2024-06-21,1,Completed,Online Portal
688,PERM-2023-00688,S1,R1,2023-05-25,2023-05-28,3,Completed,Online Portal
689,PERM-2023-00689,S2,R4,2023-01-25,2023-02-10,16,Completed,Service Center
690,PERM-2023-00690,S1,R2,2023-03-08,2023-03-10,2,Completed,Online Portal
691,PERM-2023-00691,S2,R2,2023-08-21,2023-08-22,1,Completed,Mobile App
692,PERM-2023-00692,S1,R2,2023-04-19,,21,Under Review,Service Center
693,PERM-2023-00693,S2,R1,2023-04-21,2023-04-24,3,Completed,Online Portal
694,PERM-2023-00694,S1,R1,2023-08-16,2023-08-19,3,Completed,Mobile App
695,PERM-2023-00695,S2,R2,2023-04-21,2023-04-24,3,Completed,Online Portal
696,PERM-2023-00696,S3,R1,2023-02-03,2023-02-06,3,Rejected,Online Portal
697,PERM-2024-00697,S1,R1,2024-09-14,2024-09-17,3,Completed,Mobile App
698,PERM-2025-00698,S1,R1,2025-01-17,2025-01-18,1,Completed,Online Portal
699,PERM-2024-00699,S1,R1,2024-08-17,2024-08-18,1,Completed,Online Portal
700,PERM-2024-00700,S4,R5,2024-02-29,2024-03-21,21,Rejected,Service Center
701,PERM-2024-00701,S2,R1,2024-09-04,2024-09-06,2,Completed,Online Portal
702,PERM-2024-00702,S2,R1,2024-11-22,2024-12-13,21,Completed,Kiosk
703,PERM-2023-00703,S1,R1,2023-11-11,,18,Under Review,Kiosk
704,PERM-2025-00704,S2,R5,2025-05-26,,3,Under Review,Online Portal
705,PERM-2024-00705,S3,R1,2024-10-23,2024-10-26,3,Completed,Online Portal
706,PERM-2023-00706,S3,R1,2023-10-04,2023-10-06,2,Completed,Mobile App
707,PERM-2024-00707,S2,R2,2024-09-15,2024-09-18,3,Completed,Online Portal
708,PERM-2024-00708,S1,R2,2024-05-30,2024-06-01,2,Completed,Online Portal
709,PERM-2025-00709,S1,R1,2025-04-22,2025-04-25,3,Completed,Mobile App
710,PERM-2023-00710,S1,R1,2023-12-16,2023-12-19,3,Completed,Online Portal
711,PERM-2025-00711,S1,R1,2025-04-02,2025-04-25,23,Completed,Service Center
712,PERM-2025-00712,S1,R1,2025-01-28,,1,Under Review,Online Portal
713,PERM-2025-00713,S1,R1,2025-06-17,2025-06-19,2,Completed,Online Portal
714,PERM-2023-00714,S2,R1,2023-08-31,,3,Under Review,Online Portal
715,PERM-2024-00715,S5,R1,2024-06-26,,29,Under Review,Kiosk
716,PERM-2025-00716,S2,R1,2025-11-29,2025-12-02,3,Completed,Mobile App
717,PERM-2023-00717,S3,R2,2023-08-17,2023-09-06,20,Completed,Service Center
718,PERM-2024-00718,S2,R5,2024-07-01,2024-07-02,1,Completed,Online Portal
719,PERM-2025-00719,S1,R2,2025-07-08,2025-07-10,2,Completed,Online Portal
720,PERM-2023-00720,S2,R1,2023-01-06,2023-01-07,1,Completed,Online Portal
721,PERM-2024-00721,S1,R1,2024-04-12,2024-04-13,1,Completed,Online Portal
722,PERM-2023-00722,S2,R4,2023-03-16,2023-03-17,1,Completed,Mobile App
723,PERM-2023-00723,S2,R1,2023-01-04,2023-01-07,3,Completed,Mobile App
724,PERM-2024-00724,S5,R1,2024-10-07,2024-10-17,10,Completed,Online Portal
725,PERM-2023-00725,S1,R2,2023-04-28,2023-05-16,18,Completed,Service Center
726,PERM-2025-00726,S1,R2,2025-05-30,2025-06-01,2,Completed,Online Portal
727,PERM-2024-00727,S5,R2,2024-05-18,2024-06-13,26,Completed,Kiosk
728,PERM-2025-00728,S1,R1,2025-08-04,2025-08-06,2,Completed,Online Portal
729,PERM-2024-00729,S2,R1,2024-07-27,2024-07-30,3,Completed,Online Portal
730,PERM-2023-00730,S2,R5,2023-07-13,,2,Under Review,Online Portal
731,PERM-2025-00731,S3,R1,2025-04-26,2025-04-29,3,Completed,Online Portal
732,PERM-2024-00732,S5,R2,2024-12-15,2024-12-26,11,Completed,Mobile App
733,PERM-2025-00733,S5,R2,2025-11-15,2025-11-24,9,Completed,Online Portal
734,PERM-2023-00734,S1,R2,2023-06-22,,3,Under Review,Online Portal
735,PERM-2023-00735,S3,R1,2023-11-22,2023-11-24,2,Completed,Mobile App
736,PERM-2025-00736,S2,R1,2025-04-15,2025-04-17,2,Completed,Mobile App
737,PERM-2024-00737,S2,R2,2024-12-24,,20,Under Review,Service Center
738,PERM-2023-00738,S1,R3,2023-08-13,2023-08-14,1,Completed,Online Portal
739,PERM-2024-00739,S2,R4,2024-06-15,2024-06-18,3,Completed,Mobile App
740,PERM-2023-00740,S5,R1,2023-04-23,2023-05-03,10,Completed,Mobile App
741,PERM-2023-00741,S4,R1,2023-05-20,2023-05-21,1,Completed,Online Portal
742,PERM-2024-00742,S2,R4,2024-07-12,2024-07-13,1,Completed,Online Portal
743,PERM-2023-00743,S1,R2,2023-01-01,2023-01-03,2,Completed,Online Portal
744,PERM-2023-00744,S2,R3,2023-03-31,2023-04-03,3,Completed,Online Portal
745,PERM-2024-00745,S3,R1,2024-10-15,2024-10-16,1,Completed,Online Portal
746,PERM-2023-00746,S2,R2,2023-11-16,2023-11-17,1,Completed,Online Portal
747,PERM-2023-00747,S2,R2,2023-05-19,2023-05-22,3,Completed,Mobile App
748,PERM-2025-00748,S1,R2,2025-04-24,,3,Under Review,Mobile App
749,PERM-2023-00749,S2,R1,2023-09-16,2023-10-11,25,Rejected,Kiosk
750,PERM-2025-00750,S2,R1,2025-06-20,2025-06-22,2,Completed,Mobile App
751,PERM-2024-00751,S5,R2,2024-11-20,2024-11-30,10,Completed,Online Portal
752,PERM-2023-00752,S2,R1,2023-01-10,2023-01-29,19,Rejected,Service Center
753,PERM-2023-00753,S2,R1,2023-09-18,2023-10-08,20,Rejected,Service Center
754,PERM-2023-00754,S2,R4,2023-06-21,2023-06-24,3,Completed,Online Portal
755,PERM-2025-00755,S1,R1,2025-06-16,2025-06-19,3,Completed,Mobile App
756,PERM-2023-00756,S5,R3,2023-01-13,2023-02-13,31,Completed,Kiosk
757,PERM-2023-00757,S2,R1,2023-11-17,2023-11-18,1,Completed,Mobile App
758,PERM-2023-00758,S2,R2,2023-11-25,2023-12-17,22,Completed,Service Center
759,PERM-2025-00759,S2,R5,2025-02-23,2025-02-26,3,Completed,Online Portal
760,PERM-2025-00760,S2,R1,2025-02-15,2025-02-16,1,Completed,Online Portal
761,PERM-2025-00761,S2,R1,2025-06-29,2025-06-30,1,Completed,Online Portal
762,PERM-2023-00762,S2,R1,2023-11-14,2023-11-15,1,Completed,Mobile App
763,PERM-2023-00763,S1,R1,2023-08-24,2023-09-08,15,Rejected,Service Center
764,PERM-2023-00764,S2,R2,2023-11-30,2023-12-23,23,Completed,Kiosk
765,PERM-2024-00765,S1,R4,2024-01-11,2024-01-14,3,Completed,Online Portal
766,PERM-2024-00766,S2,R1,2024-08-10,2024-08-12,2,Completed,Online Portal
767,PERM-2024-00767,S1,R1,2024-05-27,2024-06-16,20,Completed,Service Center
768,PERM-2025-00768,S2,R1,2025-07-06,2025-07-08,2,Completed,Mobile App
769,PERM-2025-00769,S3,R2,2025-05-22,2025-05-23,1,Completed,Online Portal
770,PERM-2023-00770,S4,R1,2023-09-27,2023-09-30,3,Completed,Online Portal
771,PERM-2025-00771,S2,R2,2025-03-08,,2,Under Review,Mobile App
772,PERM-2024-00772,S2,R2,2024-12-25,2024-12-28,3,Completed,Mobile App
773,PERM-2023-00773,S1,R2,2023-01-05,2023-01-07,2,Completed,Online Portal
774,PERM-2025-00774,S2,R1,2025-04-30,2025-05-02,2,Completed,Online Portal
775,PERM-2023-00775,S3,R2,2023-03-19,2023-04-09,21,Rejected,Kiosk
776,PERM-2024-00776,S1,R1,2024-07-27,,2,Under Review,Mobile App
777,PERM-2023-00777,S2,R1,2023-05-12,2023-05-13,1,Completed,Online Portal
778,PERM-2024-00778,S3,R3,2024-08-23,2024-08-25,2,Completed,Online Portal
779,PERM-2025-00779,S4,R2,2025-12-01,2025-12-02,1,Completed,Mobile App
780,PERM-2023-00780,S1,R1,2023-03-30,2023-04-02,3,Completed,Online Portal
781,PERM-2024-00781,S2,R1,2024-02-06,2024-02-09,3,Completed,Online Portal
782,PERM-2023-00782,S1,R1,2023-10-23,2023-10-26,3,Completed,Mobile App
783,PERM-2024-00783,S1,R1,2024-09-07,2024-09-09,2,Completed,Online Portal
784,PERM-2025-00784,S4,R1,2025-03-10,2025-03-13,3,Completed,Mobile App
785,PERM-2024-00785,S3,R1,2024-02-26,2024-02-29,3,Completed,Online Portal
786,PERM-2025-00786,S3,R1,2025-11-12,,1,Under Review,Mobile App
787,PERM-2024-00787,S1,R2,2024-07-28,2024-07-31,3,Completed,Online Portal
788,PERM-2023-00788,S3,R2,2023-05-23,2023-05-26,3,Completed,Online Portal
789,PERM-2025-00789,S2,R2,2025-09-19,2025-09-21,2,Completed,Online Portal
790,PERM-2024-00790,S2,R1,2024-10-26,2024-11-07,12,Completed,Service Center
791,PERM-2023-00791,S2,R4,2023-05-25,2023-06-15,21,Rejected,Service Center
792,PERM-2025-00792,S1,R3,2025-10-03,,3,Under Review,Online Portal
793,PERM-2024-00793,S3,R3,2024-05-17,2024-05-19,2,Completed,Mobile App
794,PERM-2025-00794,S2,R3,2025-03-31,2025-04-02,2,Completed,Mobile App
795,PERM-2023-00795,S1,R4,2023-04-14,2023-05-06,22,Rejected,Kiosk
796,PERM-2025-00796,S1,R1,2025-11-28,2025-11-29,1,Completed,Online Portal
797,PERM-2023-00797,S1,R1,2023-07-17,2023-07-19,2,Completed,Mobile App
798,PERM-2024-00798,S1,R2,2024-08-01,2024-08-02,1,Completed,Online Portal
799,PERM-2024-00799,S2,R2,2024-01-26,2024-01-29,3,Completed,Online Portal
800,PERM-2024-00800,S3,R2,2024-07-07,2024-07-26,19,Completed,Kiosk
801,PERM-2025-00801,S1,R1,2025-11-04,2025-11-07,3,Completed,Mobile App
802,PERM-2024-00802,S1,R1,2024-04-22,2024-04-24,2,Completed,Online Portal
803,PERM-2025-00803,S2,R1,2025-07-11,2025-07-14,3,Completed,Online Portal
804,PERM-2024-00804,S3,R4,2024-02-24,2024-02-26,2,Completed,Mobile App
805,PERM-2023-00805,S2,R2,2023-06-06,2023-06-09,3,Completed,Mobile App
806,PERM-2024-00806,S2,R1,2024-07-03,2024-07-04,1,Completed,Online Portal
807,PERM-2025-00807,S2,R1,2025-10-17,2025-11-09,23,Completed,Kiosk
808,PERM-2025-00808,S1,R1,2025-09-23,2025-09-24,1,Completed,Online Portal
809,PERM-2025-00809,S1,R3,2025-08-08,2025-08-10,2,Completed,Online Portal
810,PERM-2023-00810,S2,R2,2023-10-16,2023-10-29,13,Completed,Service Center
811,PERM-2023-00811,S2,R2,2023-07-15,2023-07-16,1,Completed,Online Portal
812,PERM-2024-00812,S2,R1,2024-08-20,2024-08-21,1,Completed,Online Portal
813,PERM-2024-00813,S2,R2,2024-05-31,2024-06-02,2,Completed,Mobile App
814,PERM-2025-00814,S2,R1,2025-05-14,2025-05-31,17,Rejected,Service Center
815,PERM-2025-00815,S1,R2,2025-03-16,2025-03-17,1,Completed,Online Portal
816,PERM-2025-00816,S2,R1,2025-03-25,2025-04-17,23,Completed,Service Center
817,PERM-2023-00817,S1,R1,2023-08-16,2023-08-17,1,Completed,Mobile App
818,PERM-2023-00818,S1,R2,2023-08-04,2023-08-06,2,Completed,Online Portal
819,PERM-2025-00819,S2,R4,2025-08-05,2025-08-06,1,Completed,Mobile App
820,PERM-2023-00820,S3,R1,2023-01-15,2023-01-16,1,Completed,Online Portal
821,PERM-2023-00821,S5,R3,2023-02-16,2023-02-25,9,Completed,Online Portal
822,PERM-2023-00822,S2,R1,2023-11-20,2023-11-22,2,Completed,Mobile App
823,PERM-2025-00823,S1,R1,2025-04-23,2025-05-07,14,Completed,Kiosk
824,PERM-2023-00824,S1,R1,2023-05-10,2023-05-12,2,Completed,Online Portal
825,PERM-2023-00825,S3,R1,2023-04-05,2023-04-08,3,Completed,Online Portal
826,PERM-2024-00826,S2,R1,2024-09-18,2024-09-21,3,Completed,Online Portal
827,PERM-2025-00827,S2,R1,2025-01-24,2025-01-25,1,Completed,Online Portal
828,PERM-2025-00828,S3,R1,2025-03-04,2025-03-06,2,Completed,Online Portal
829,PERM-2023-00829,S2,R4,2023-03-10,2023-03-13,3,Completed,Online Portal
830,PERM-2023-00830,S3,R1,2023-01-11,2023-01-14,3,Completed,Mobile App
831,PERM-2025-00831,S1,R2,2025-05-21,2025-05-24,3,Completed,Online Portal
832,PERM-2024-00832,S2,R1,2024-07-03,2024-07-04,1,Completed,Online Portal
833,PERM-2024-00833,S3,R2,2024-12-12,,16,Under Review,Service Center
834,PERM-2023-00834,S1,R1,2023-01-23,,22,Under Review,Service Center
835,PERM-2025-00835,S2,R1,2025-03-25,2025-03-28,3,Completed,Online Portal
836,PERM-2023-00836,S2,R1,2023-12-12,2023-12-14,2,Completed,Online Portal
837,PERM-2023-00837,S5,R1,2023-10-29,2023-11-09,11,Completed,Mobile App
838,PERM-2023-00838,S1,R1,2023-12-29,2023-12-30,1,Completed,Online Portal
839,PERM-2024-00839,S2,R2,2024-01-31,,3,Under Review,Online Portal
840,PERM-2023-00840,S1,R3,2023-08-06,2023-08-09,3,Completed,Mobile App
841,PERM-2023-00841,S2,R3,2023-05-21,2023-05-23,2,Completed,Online Portal
842,PERM-2025-00842,S1,R2,2025-08-15,2025-08-18,3,Completed,Online Portal
843,PERM-2025-00843,S1,R1,2025-09-11,2025-09-12,1,Completed,Online Portal
844,PERM-2025-00844,S2,R1,2025-09-19,2025-09-22,3,Completed,Online Portal
845,PERM-2025-00845,S4,R1,2025-04-07,2025-04-09,2,Completed,Online Portal
846,PERM-2024-00846,S1,R1,2024-11-13,2024-12-03,20,Completed,Kiosk
847,PERM-2025-00847,S1,R1,2025-09-30,2025-10-01,1,Completed,Online Portal
848,PERM-2023-00848,S3,R1,2023-12-22,2023-12-24,2,Completed,Online Portal
849,PERM-2025-00849,S2,R1,2025-10-04,2025-10-05,1,Completed,Online Portal
850,PERM-2025-00850,S4,R1,2025-06-06,,22,Under Review,Service Center
851,PERM-2023-00851,S1,R3,2023-05-07,2023-05-10,3,Completed,Mobile App
852,PERM-2025-00852,S2,R2,2025-10-05,2025-10-08,3,Completed,Online Portal
853,PERM-2024-00853,S1,R1,2024-08-26,2024-09-11,16,Rejected,Service Center
854,PERM-2025-00854,S1,R4,2025-10-10,2025-10-12,2,Completed,Online Portal
855,PERM-2023-00855,S2,R4,2023-02-20,2023-02-21,1,Completed,Online Portal
856,PERM-2025-00856,S2,R1,2025-11-18,2025-11-21,3,Completed,Online Portal
857,PERM-2025-00857,S3,R1,2025-02-17,2025-02-20,3,Completed,Online Portal
858,PERM-2025-00858,S2,R1,2025-03-24,2025-03-25,1,Completed,Online Portal
859,PERM-2024-00859,S2,R4,2024-02-24,2024-02-27,3,Completed,Mobile App
860,PERM-2025-00860,S2,R3,2025-09-09,2025-09-12,3,Completed,Online Portal
861,PERM-2025-00861,S5,R1,2025-04-04,2025-04-14,10,Completed,Mobile App
862,PERM-2025-00862,S1,R1,2025-10-21,,2,Under Review,Online Portal
863,PERM-2024-00863,S1,R2,2024-07-20,2024-07-22,2,Completed,Online Portal
864,PERM-2024-00864,S2,R1,2024-01-06,2024-01-08,2,Completed,Online Portal
865,PERM-2025-00865,S2,R1,2025-07-24,2025-08-08,15,Completed,Service Center
866,PERM-2024-00866,S1,R3,2024-10-22,2024-10-25,3,Completed,Online Portal
867,PERM-2025-00867,S4,R2,2025-08-26,2025-08-29,3,Completed,Mobile App
868,PERM-2023-00868,S1,R3,2023-07-21,2023-07-22,1,Completed,Online Portal
869,PERM-2023-00869,S4,R3,2023-11-09,2023-11-10,1,Completed,Online Portal
870,PERM-2023-00870,S1,R2,2023-04-27,2023-04-30,3,Completed,Online Portal
871,PERM-2025-00871,S2,R1,2025-07-25,2025-07-28,3,Completed,Online Portal
872,PERM-2024-00872,S4,R2,2024-07-28,2024-07-29,1,Completed,Online Portal
873,PERM-2023-00873,S1,R1,2023-09-01,2023-09-03,2,Completed,Online Portal
874,PERM-2024-00874,S5,R2,2024-06-20,2024-06-30,10,Completed,Mobile App
875,PERM-2023-00875,S2,R1,2023-03-16,2023-03-18,2,Completed,Online Portal
876,PERM-2024-00876,S5,R2,2024-01-21,2024-02-01,11,Completed,Mobile App
877,PERM-2024-00877,S2,R1,2024-04-19,,1,Under Review,Online Portal
878,PERM-2024-00878,S2,R1,2024-02-22,2024-02-25,3,Completed,Mobile App
879,PERM-2023-00879,S1,R1,2023-12-13,2023-12-16,3,Completed,Mobile App
880,PERM-2024-00880,S2,R1,2024-10-01,2024-10-04,3,Completed,Online Portal
881,PERM-2025-00881,S1,R2,2025-07-27,2025-07-29,2,Completed,Online Portal
882,PERM-2025-00882,S1,R2,2025-08-12,2025-08-13,1,Completed,Mobile App
883,PERM-2025-00883,S1,R1,2025-05-25,,12,Under Review,Service Center
884,PERM-2025-00884,S2,R1,2025-02-01,2025-02-04,3,Completed,Online Portal
885,PERM-2024-00885,S3,R1,2024-10-25,2024-10-26,1,Completed,Online Portal
886,PERM-2023-00886,S1,R1,2023-01-25,,12,Under Review,Service Center
887,PERM-2024-00887,S1,R1,2024-12-10,2024-12-11,1,Completed,Online Portal
888,PERM-2023-00888,S2,R3,2023-06-26,,1,Under Review,Mobile App
889,PERM-2023-00889,S1,R1,2023-10-12,2023-10-14,2,Completed,Online Portal
890,PERM-2023-00890,S1,R1,2023-03-04,2023-03-07,3,Completed,Online Portal
891,PERM-2025-00891,S1,R1,2025-09-29,2025-10-01,2,Completed,Mobile App
892,PERM-2024-00892,S5,R1,2024-10-23,2024-11-02,10,Completed,Mobile App
893,PERM-2024-00893,S3,R1,2024-10-27,2024-10-29,2,Completed,Online Portal
894,PERM-2023-00894,S2,R2,2023-06-05,2023-06-06,1,Completed,Online Portal
895,PERM-2025-00895,S2,R1,2025-12-08,2025-12-10,2,Completed,Mobile App
896,PERM-2025-00896,S2,R1,2025-08-24,2025-08-26,2,Completed,Mobile App
897,PERM-2025-00897,S2,R1,2025-04-28,2025-05-01,3,Completed,Online Portal
898,PERM-2024-00898,S2,R1,2024-11-19,2024-11-21,2,Completed,Mobile App
899,PERM-2023-00899,S2,R1,2023-05-28,2023-05-30,2,Completed,Mobile App
900,PERM-2023-00900,S1,R4,2023-12-08,2023-12-11,3,Completed,Mobile App
901,PERM-2024-00901,S1,R2,2024-04-20,2024-04-21,1,Completed,Mobile App
902,PERM-2025-00902,S2,R2,2025-12-22,2025-12-24,2,Completed,Online Portal
903,PERM-2024-00903,S4,R1,2024-07-14,2024-07-15,1,Completed,Mobile App
904,PERM-2023-00904,S2,R1,2023-11-23,2023-11-24,1,Completed,Mobile App
905,PERM-2025-00905,S3,R1,2025-09-16,2025-09-19,3,Completed,Online Portal
906,PERM-2023-00906,S5,R2,2023-08-03,2023-08-14,11,Completed,Online Portal
907,PERM-2024-00907,S1,R2,2024-03-10,,3,Under Review,Online Portal
908,PERM-2025-00908,S2,R1,2025-08-09,2025-08-11,2,Completed,Mobile App
909,PERM-2024-00909,S2,R1,2024-12-23,2024-12-25,2,Completed,Online Portal
910,PERM-2023-00910,S5,R1,2023-02-01,2023-02-12,11,Completed,Mobile App
911,PERM-2024-00911,S5,R3,2024-10-31,2024-11-22,22,Completed,Service Center
912,PERM-2023-00912,S2,R2,2023-10-12,2023-10-15,3,Completed,Mobile App
913,PERM-2024-00913,S1,R1,2024-03-04,2024-03-29,25,Rejected,Service Center
914,PERM-2023-00914,S3,R1,2023-10-13,2023-10-29,16,Completed,Kiosk
915,PERM-2025-00915,S1,R2,2025-11-08,2025-11-10,2,Completed,Online Portal
916,PERM-2023-00916,S3,R1,2023-01-18,2023-01-20,2,Completed,Mobile App
917,PERM-2025-00917,S4,R1,2025-02-07,2025-02-09,2,Completed,Online Portal
918,PERM-2024-00918,S2,R1,2024-08-12,,15,Under Review,Service Center
919,PERM-2025-00919,S2,R2,2025-10-06,2025-10-08,2,Completed,Online Portal
920,PERM-2023-00920,S2,R1,2023-07-13,2023-08-05,23,Completed,Kiosk
921,PERM-2024-00921,S2,R1,2024-05-16,2024-05-18,2,Completed,Mobile App
922,PERM-2025-00922,S2,R3,2025-09-14,2025-09-15,1,Completed,Mobile App
923,PERM-2023-00923,S3,R1,2023-04-24,2023-04-26,2,Completed,Online Portal
924,PERM-2025-00924,S5,R1,2025-08-04,2025-08-13,9,Completed,Online Portal
925,PERM-2025-00925,S5,R1,2025-04-10,2025-04-19,9,Completed,Mobile App
926,PERM-2025-00926,S1,R1,2025-07-13,2025-07-15,2,Rejected,Online Portal
927,PERM-2023-00927,S4,R2,2023-02-24,2023-03-09,13,Completed,Service Center
928,PERM-2025-00928,S2,R1,2025-03-10,2025-03-12,2,Completed,Online Portal
929,PERM-2025-00929,S1,R1,2025-02-16,2025-02-17,1,Completed,Mobile App
930,PERM-2023-00930,S1,R2,2023-06-11,2023-06-14,3,Completed,Online Portal
931,PERM-2023-00931,S1,R2,2023-03-28,2023-03-31,3,Completed,Mobile App
932,PERM-2023-00932,S4,R2,2023-02-24,2023-02-27,3,Completed,Mobile App
933,PERM-2025-00933,S2,R1,2025-10-28,2025-10-29,1,Completed,Online Portal
934,PERM-2025-00934,S2,R1,2025-04-12,2025-04-15,3,Completed,Online Portal
935,PERM-2023-00935,S1,R2,2023-11-09,2023-11-11,2,Completed,Online Portal
936,PERM-2025-00936,S2,R1,2025-01-28,2025-01-31,3,Completed,Mobile App
937,PERM-2024-00937,S1,R3,2024-03-18,2024-03-19,1,Completed,Mobile App
938,PERM-2023-00938,S2,R3,2023-11-24,2023-11-27,3,Completed,Mobile App
939,PERM-2025-00939,S2,R3,2025-12-13,2025-12-16,3,Completed,Mobile App
940,PERM-2025-00940,S1,R1,2025-01-30,2025-02-01,2,Completed,Online Portal
941,PERM-2024-00941,S3,R1,2024-08-01,2024-08-03,2,Completed,Online Portal
942,PERM-2025-00942,S1,R2,2025-12-10,2025-12-11,1,Completed,Online Portal
943,PERM-2025-00943,S2,R1,2025-10-03,2025-10-04,1,Completed,Online Portal
944,PERM-2023-00944,S2,R1,2023-04-06,,18,Under Review,Kiosk
945,PERM-2025-00945,S2,R3,2025-03-24,2025-04-07,14,Rejected,Service Center
946,PERM-2024-00946,S1,R3,2024-05-05,2024-05-06,1,Completed,Online Portal
947,PERM-2024-00947,S1,R1,2024-03-27,2024-03-28,1,Completed,Mobile App
948,PERM-2023-00948,S4,R1,2023-06-14,,25,Under Review,Service Center
949,PERM-2023-00949,S1,R1,2023-07-01,2023-07-03,2,Completed,Online Portal
950,PERM-2024-00950,S3,R3,2024-04-13,2024-04-16,3,Completed,Online Portal
951,PERM-2025-00951,S5,R4,2025-06-28,2025-07-07,9,Completed,Online Portal
952,PERM-2025-00952,S1,R1,2025-01-04,2025-01-05,1,Completed,Mobile App
953,PERM-2025-00953,S1,R1,2025-04-02,2025-04-25,23,Completed,Kiosk
954,PERM-2025-00954,S2,R3,2025-08-01,2025-08-02,1,Rejected,Mobile App
955,PERM-2023-00955,S5,R1,2023-01-07,,10,Under Review,Online Portal
956,PERM-2023-00956,S4,R1,2023-11-26,2023-11-27,1,Completed,Online Portal
957,PERM-2025-00957,S2,R5,2025-02-13,,3,Under Review,Mobile App
958,PERM-2023-00958,S3,R1,2023-05-31,2023-06-17,17,Rejected,Service Center
959,PERM-2023-00959,S1,R2,2023-05-27,2023-05-30,3,Completed,Mobile App
960,PERM-2025-00960,S5,R1,2025-07-03,2025-07-12,9,Completed,Mobile App
961,PERM-2024-00961,S5,R1,2024-11-30,2024-12-11,11,Completed,Online Portal
962,PERM-2023-00962,S1,R3,2023-03-23,2023-04-11,19,Rejected,Service Center
963,PERM-2024-00963,S1,R1,2024-05-28,2024-05-29,1,Completed,Mobile App
964,PERM-2025-00964,S1,R5,2025-03-25,2025-03-28,3,Completed,Online Portal
965,PERM-2024-00965,S1,R2,2024-12-09,2024-12-11,2,Completed,Mobile App
966,PERM-2025-00966,S3,R1,2025-01-15,2025-01-18,3,Completed,Online Portal
967,PERM-2025-00967,S2,R1,2025-10-19,2025-10-21,2,Completed,Online Portal
968,PERM-2024-00968,S1,R1,2024-12-07,2024-12-09,2,Completed,Online Portal
969,PERM-2024-00969,S2,R1,2024-04-15,2024-04-16,1,Completed,Online Portal
970,PERM-2024-00970,S5,R1,2024-01-31,2024-02-11,11,Completed,Online Portal
971,PERM-2023-00971,S2,R1,2023-09-18,2023-09-19,1,Completed,Online Portal
972,PERM-2025-00972,S2,R1,2025-03-15,,2,Under Review,Mobile App
973,PERM-2025-00973,S1,R2,2025-07-22,2025-07-23,1,Completed,Online Portal
974,PERM-2025-00974,S5,R2,2025-06-23,2025-07-04,11,Completed,Online Portal
975,PERM-2025-00975,S3,R2,2025-12-12,2025-12-14,2,Completed,Online Portal
976,PERM-2025-00976,S1,R1,2025-07-28,2025-07-30,2,Completed,Mobile App
977,PERM-2025-00977,S1,R1,2025-05-03,2025-05-04,1,Completed,Online Portal
978,PERM-2024-00978,S1,R2,2024-08-15,2024-08-16,1,Completed,Online Portal
979,PERM-2024-00979,S1,R1,2024-12-14,,19,Under Review,Service Center
980,PERM-2024-00980,S2,R1,2024-09-23,2024-09-26,3,Completed,Mobile App
981,PERM-2023-00981,S5,R3,2023-02-28,2023-04-01,32,Rejected,Service Center
982,PERM-2023-00982,S2,R2,2023-05-08,2023-05-11,3,Completed,Online Portal
983,PERM-2025-00983,S3,R1,2025-01-05,2025-01-08,3,Completed,Online Portal
984,PERM-2024-00984,S2,R1,2024-12-21,2024-12-24,3,Completed,Mobile App
985,PERM-2024-00985,S2,R2,2024-06-09,2024-06-12,3,Completed,Online Portal
986,PERM-2024-00986,S2,R2,2024-06-04,2024-06-07,3,Completed,Online Portal
987,PERM-2024-00987,S1,R2,2024-07-05,,1,Under Review,Online Portal
988,PERM-2023-00988,S2,R2,2023-08-25,2023-09-15,21,Rejected,Service Center
989,PERM-2024-00989,S2,R3,2024-05-08,,3,Under Review,Online Portal
990,PERM-2023-00990,S1,R1,2023-01-04,2023-01-20,16,Rejected,Service Center
991,PERM-2024-00991,S2,R1,2024-10-27,2024-11-17,21,Completed,Service Center
992,PERM-2024-00992,S2,R2,2024-03-17,2024-03-19,2,Completed,Online Portal
993,PERM-2023-00993,S5,R2,2023-01-29,2023-02-07,9,Completed,Mobile App
994,PERM-2024-00994,S2,R2,2024-09-01,2024-09-03,2,Rejected,Mobile App
995,PERM-2025-00995,S3,R1,2025-03-15,2025-03-27,12,Rejected,Service Center
996,PERM-2023-00996,S2,R1,2023-03-16,2023-03-19,3,Completed,Online Portal
997,PERM-2025-00997,S3,R3,2025-04-17,2025-04-19,2,Completed,Mobile App
998,PERM-2023-00998,S2,R2,2023-05-08,2023-05-10,2,Completed,Online Portal
999,PERM-2023-00999,S4,R4,2023-02-11,,12,Under Review,Service Center
1000,PERM-2023-01000,S2,R2,2023-02-10,2023-02-13,3,Completed,Online Portal
1001,PERM-2025-01001,S2,R2,2025-07-22,2025-07-25,3,Completed,Online Portal
1002,PERM-2023-01002,S2,R2,2023-02-03,2023-02-05,2,Completed,Mobile App
1003,PERM-2025-01003,S2,R3,2025-11-06,2025-11-20,14,Completed,Service Center
1004,PERM-2025-01004,S1,R2,2025-09-24,2025-09-26,2,Completed,Mobile App
1005,PERM-2024-01005,S1,R2,2024-08-10,2024-08-13,3,Completed,Online Portal
1006,PERM-2023-01006,S1,R1,2023-12-08,2023-12-09,1,Completed,Online Portal
1007,PERM-2023-01007,S4,R1,2023-01-27,,12,Under Review,Kiosk
1008,PERM-2024-01008,S1,R2,2024-10-07,2024-10-10,3,Completed,Mobile App
1009,PERM-2024-01009,S1,R1,2024-12-31,,13,Under Review,Service Center
1010,PERM-2023-01010,S2,R1,2023-06-17,2023-06-19,2,Completed,Online Portal
1011,PERM-2024-01011,S2,R1,2024-09-01,2024-09-04,3,Completed,Online Portal
1012,PERM-2023-01012,S2,R1,2023-09-25,,3,Under Review,Mobile App
1013,PERM-2025-01013,S1,R1,2025-03-31,2025-04-12,12,Rejected,Service Center
1014,PERM-2024-01014,S5,R1,2024-03-30,2024-04-09,10,Completed,Online Portal
1015,PERM-2025-01015,S3,R4,2025-06-24,2025-07-07,13,Completed,Service Center
1016,PERM-2025-01016,S3,R1,2025-07-10,2025-07-13,3,Completed,Mobile App
1017,PERM-2025-01017,S2,R1,2025-09-07,2025-09-09,2,Completed,Online Portal
1018,PERM-2024-01018,S3,R1,2024-12-02,2024-12-05,3,Completed,Online Portal
1019,PERM-2024-01019,S1,R2,2024-09-25,2024-09-28,3,Completed,Online Portal
1020,PERM-2023-01020,S1,R1,2023-05-10,2023-05-13,3,Completed,Mobile App
1021,PERM-2025-01021,S1,R3,2025-10-16,2025-10-18,2,Completed,Online Portal
1022,PERM-2025-01022,S2,R2,2025-03-29,,1,Under Review,Online Portal
1023,PERM-2024-01023,S2,R2,2024-11-23,2024-12-10,17,Rejected,Service Center
1024,PERM-2025-01024,S2,R1,2025-03-04,2025-03-07,3,Completed,Online Portal
1025,PERM-2023-01025,S1,R2,2023-01-29,2023-02-01,3,Completed,Online Portal
1026,PERM-2023-01026,S2,R1,2023-05-29,2023-05-31,2,Completed,Online Portal
1027,PERM-2023-01027,S2,R4,2023-01-11,2023-01-12,1,Completed,Mobile App
1028,PERM-2024-01028,S2,R2,2024-11-06,2024-11-08,2,Completed,Mobile App
1029,PERM-2023-01029,S2,R1,2023-07-06,2023-07-09,3,Completed,Online Portal
1030,PERM-2025-01030,S1,R1,2025-03-17,2025-03-18,1,Completed,Mobile App
1031,PERM-2025-01031,S3,R1,2025-01-13,2025-01-15,2,Completed,Mobile App
1032,PERM-2023-01032,S2,R2,2023-04-08,2023-04-10,2,Completed,Online Portal
1033,PERM-2023-01033,S1,R1,2023-02-24,2023-02-25,1,Completed,Online Portal
1034,PERM-2024-01034,S1,R2,2024-09-14,2024-09-15,1,Completed,Online Portal
1035,PERM-2024-01035,S2,R1,2024-10-25,2024-10-28,3,Completed,Online Portal
1036,PERM-2025-01036,S3,R2,2025-01-27,2025-01-29,2,Completed,Mobile App
1037,PERM-2024-01037,S2,R3,2024-02-10,2024-02-13,3,Completed,Mobile App
1038,PERM-2023-01038,S1,R2,2023-03-10,2023-03-13,3,Completed,Online Portal
1039,PERM-2025-01039,S3,R2,2025-01-20,2025-01-23,3,Completed,Online Portal
1040,PERM-2025-01040,S2,R1,2025-08-15,2025-08-17,2,Completed,Online Portal
1041,PERM-2023-01041,S2,R1,2023-12-31,2024-01-02,2,Completed,Mobile App
1042,PERM-2024-01042,S2,R2,2024-04-26,2024-04-28,2,Completed,Online Portal
1043,PERM-2023-01043,S1,R1,2023-07-20,2023-07-22,2,Completed,Mobile App
1044,PERM-2023-01044,S2,R1,2023-06-03,2023-06-06,3,Completed,Online Portal
1045,PERM-2023-01045,S2,R1,2023-03-14,2023-03-15,1,Completed,Mobile App
1046,PERM-2024-01046,S5,R1,2024-12-13,2025-01-05,23,Completed,Service Center
1047,PERM-2023-01047,S2,R1,2023-10-23,2023-10-24,1,Completed,Online Portal
1048,PERM-2025-01048,S2,R3,2025-11-06,,1,Under Review,Online Portal
1049,PERM-2023-01049,S2,R1,2023-03-02,2023-03-19,17,Completed,Kiosk
1050,PERM-2025-01050,S4,R2,2025-07-27,2025-07-28,1,Completed,Online Portal
1051,PERM-2023-01051,S3,R1,2023-02-11,2023-02-14,3,Completed,Mobile App
1052,PERM-2023-01052,S2,R2,2023-01-25,2023-01-26,1,Completed,Online Portal
1053,PERM-2025-01053,S2,R1,2025-11-28,2025-11-30,2,Completed,Mobile App
1054,PERM-2023-01054,S2,R3,2023-05-11,2023-05-14,3,Completed,Online Portal
1055,PERM-2023-01055,S2,R3,2023-04-18,2023-05-10,22,Completed,Kiosk
1056,PERM-2023-01056,S1,R1,2023-06-21,2023-06-24,3,Completed,Mobile App
1057,PERM-2023-01057,S2,R4,2023-04-12,2023-04-15,3,Completed,Mobile App
1058,PERM-2025-01058,S1,R5,2025-05-15,,3,Under Review,Mobile App
1059,PERM-2024-01059,S4,R3,2024-06-07,2024-06-08,1,Completed,Mobile App
1060,PERM-2023-01060,S2,R3,2023-10-02,2023-10-04,2,Completed,Online Portal
1061,PERM-2025-01061,S5,R1,2025-12-03,2025-12-31,28,Completed,Service Center
1062,PERM-2025-01062,S2,R2,2025-03-27,2025-04-13,17,Rejected,Kiosk
1063,PERM-2025-01063,S2,R1,2025-08-14,2025-08-16,2,Completed,Online Portal
1064,PERM-2025-01064,S2,R1,2025-11-06,,13,Under Review,Service Center
1065,PERM-2023-01065,S1,R5,2023-11-26,,3,Under Review,Mobile App
1066,PERM-2023-01066,S2,R1,2023-01-12,2023-01-15,3,Completed,Mobile App
1067,PERM-2023-01067,S1,R2,2023-08-04,2023-08-06,2,Completed,Online Portal
1068,PERM-2023-01068,S2,R3,2023-12-05,2023-12-08,3,Completed,Online Portal
1069,PERM-2024-01069,S2,R3,2024-10-22,2024-10-23,1,Completed,Online Portal
1070,PERM-2024-01070,S3,R5,2024-01-09,,2,Under Review,Online Portal
1071,PERM-2025-01071,S1,R1,2025-09-02,2025-09-05,3,Completed,Mobile App
1072,PERM-2024-01072,S1,R1,2024-12-10,2024-12-12,2,Completed,Online Portal
1073,PERM-2024-01073,S2,R1,2024-04-10,2024-04-11,1,Completed,Online Portal
1074,PERM-2024-01074,S5,R1,2024-05-03,2024-06-04,32,Rejected,Kiosk
1075,PERM-2023-01075,S2,R1,2023-02-16,2023-02-17,1,Rejected,Online Portal
1076,PERM-2025-01076,S2,R1,2025-02-16,2025-02-18,2,Completed,Online Portal
1077,PERM-2025-01077,S2,R2,2025-11-05,2025-11-08,3,Completed,Online Portal
1078,PERM-2024-01078,S1,R2,2024-12-11,2024-12-13,2,Completed,Online Portal
1079,PERM-2024-01079,S5,R1,2024-02-05,2024-02-16,11,Completed,Mobile App
1080,PERM-2025-01080,S2,R2,2025-09-07,2025-09-08,1,Completed,Mobile App
1081,PERM-2023-01081,S1,R1,2023-09-07,2023-09-10,3,Completed,Mobile App
1082,PERM-2024-01082,S2,R1,2024-01-26,2024-01-29,3,Completed,Online Portal
1083,PERM-2023-01083,S1,R2,2023-12-01,,3,Under Review,Mobile App
1084,PERM-2024-01084,S5,R2,2024-09-20,2024-09-29,9,Completed,Online Portal
1085,PERM-2023-01085,S1,R2,2023-05-17,2023-05-19,2,Completed,Online Portal
1086,PERM-2025-01086,S2,R1,2025-06-01,2025-06-02,1,Rejected,Online Portal
1087,PERM-2024-01087,S1,R3,2024-11-18,2024-11-19,1,Completed,Online Portal
1088,PERM-2025-01088,S2,R2,2025-04-06,2025-04-09,3,Rejected,Online Portal
1089,PERM-2024-01089,S3,R2,2024-12-27,2024-12-30,3,Completed,Online Portal
1090,PERM-2024-01090,S2,R2,2024-08-16,2024-09-10,25,Rejected,Kiosk
1091,PERM-2025-01091,S2,R3,2025-09-16,2025-09-18,2,Completed,Online Portal
1092,PERM-2024-01092,S4,R2,2024-01-07,2024-01-08,1,Completed,Online Portal
1093,PERM-2025-01093,S1,R2,2025-07-23,2025-07-24,1,Completed,Online Portal
1094,PERM-2025-01094,S2,R5,2025-09-21,,1,Under Review,Mobile App
1095,PERM-2024-01095,S1,R2,2024-02-06,2024-02-07,1,Completed,Online Portal
1096,PERM-2024-01096,S5,R1,2024-09-06,2024-09-27,21,Completed,Service Center
1097,PERM-2025-01097,S2,R2,2025-09-21,2025-10-09,18,Completed,Kiosk
1098,PERM-2024-01098,S2,R1,2024-09-11,2024-09-14,3,Completed,Online Portal
1099,PERM-2023-01099,S2,R1,2023-07-07,2023-07-08,1,Completed,Online Portal
1100,PERM-2023-01100,S1,R2,2023-05-11,2023-05-13,2,Completed,Online Portal
1101,PERM-2025-01101,S1,R4,2025-03-15,2025-03-16,1,Completed,Mobile App
1102,PERM-2025-01102,S1,R4,2025-07-24,,1,Under Review,Online Portal
1103,PERM-2025-01103,S2,R1,2025-09-12,2025-09-13,1,Completed,Online Portal
1104,PERM-2023-01104,S1,R1,2023-07-02,2023-07-03,1,Completed,Online Portal
1105,PERM-2025-01105,S1,R1,2025-09-09,2025-09-11,2,Completed,Mobile App
1106,PERM-2023-01106,S4,R5,2023-12-30,,1,Under Review,Online Portal
1107,PERM-2023-01107,S5,R5,2023-02-08,,10,Under Review,Online Portal
1108,PERM-2024-01108,S2,R2,2024-05-11,2024-05-12,1,Completed,Mobile App
1109,PERM-2025-01109,S2,R3,2025-09-08,2025-09-11,3,Completed,Mobile App
1110,PERM-2025-01110,S1,R2,2025-07-09,,25,Under Review,Service Center
1111,PERM-2024-01111,S2,R2,2024-12-22,2024-12-25,3,Completed,Online Portal
1112,PERM-2023-01112,S3,R1,2023-01-16,2023-01-18,2,Completed,Mobile App
1113,PERM-2024-01113,S1,R1,2024-05-07,2024-05-10,3,Completed,Mobile App
1114,PERM-2025-01114,S1,R2,2025-06-12,2025-06-14,2,Completed,Online Portal
1115,PERM-2023-01115,S3,R2,2023-11-07,2023-11-09,2,Completed,Mobile App
1116,PERM-2025-01116,S2,R1,2025-01-08,2025-01-09,1,Completed,Online Portal
1117,PERM-2024-01117,S1,R4,2024-06-29,2024-07-14,15,Completed,Service Center
1118,PERM-2024-01118,S2,R1,2024-02-18,2024-02-20,2,Completed,Online Portal
1119,PERM-2023-01119,S2,R1,2023-09-08,2023-09-11,3,Completed,Mobile App
1120,PERM-2025-01120,S2,R2,2025-01-28,2025-01-29,1,Completed,Online Portal
1121,PERM-2025-01121,S3,R2,2025-11-28,,13,Under Review,Kiosk
1122,PERM-2025-01122,S3,R2,2025-03-24,2025-03-25,1,Completed,Online Portal
1123,PERM-2023-01123,S2,R1,2023-01-29,2023-02-21,23,Completed,Kiosk
1124,PERM-2025-01124,S5,R1,2025-08-15,2025-09-16,32,Rejected,Service Center
1125,PERM-2024-01125,S2,R2,2024-04-21,2024-04-23,2,Completed,Online Portal
1126,PERM-2023-01126,S3,R2,2023-11-14,,16,Under Review,Service Center
1127,PERM-2023-01127,S2,R1,2023-09-02,2023-09-18,16,Rejected,Kiosk
1128,PERM-2025-01128,S4,R2,2025-01-17,2025-01-20,3,Completed,Online Portal
1129,PERM-2024-01129,S4,R1,2024-11-27,2024-11-29,2,Completed,Online Portal
1130,PERM-2023-01130,S1,R2,2023-09-29,2023-10-02,3,Completed,Mobile App
1131,PERM-2024-01131,S5,R3,2024-01-12,2024-01-21,9,Completed,Online Portal
1132,PERM-2023-01132,S3,R1,2023-09-23,2023-09-25,2,Completed,Online Portal
1133,PERM-2025-01133,S3,R1,2025-07-14,2025-07-15,1,Completed,Online Portal
1134,PERM-2025-01134,S1,R2,2025-07-09,2025-07-10,1,Completed,Online Portal
1135,PERM-2023-01135,S3,R2,2023-12-06,2023-12-07,1,Completed,Online Portal
1136,PERM-2024-01136,S3,R2,2024-01-24,2024-01-27,3,Completed,Online Portal
1137,PERM-2024-01137,S1,R3,2024-07-30,2024-08-11,12,Completed,Service Center
1138,PERM-2023-01138,S5,R3,2023-01-03,2023-01-14,11,Rejected,Mobile App
1139,PERM-2024-01139,S1,R5,2024-01-11,2024-01-12,1,Completed,Online Portal
1140,PERM-2023-01140,S1,R1,2023-11-20,2023-11-23,3,Completed,Mobile App
1141,PERM-2023-01141,S2,R1,2023-05-26,2023-05-27,1,Completed,Mobile App
1142,PERM-2023-01142,S2,R1,2023-10-20,,24,Under Review,Kiosk
1143,PERM-2024-01143,S2,R1,2024-03-07,2024-03-08,1,Completed,Online Portal
1144,PERM-2024-01144,S1,R2,2024-12-05,,3,Under Review,Online Portal
1145,PERM-2025-01145,S5,R1,2025-08-06,2025-08-27,21,Completed,Service Center
1146,PERM-2024-01146,S1,R4,2024-08-07,2024-08-24,17,Rejected,Service Center
1147,PERM-2024-01147,S1,R2,2024-02-03,2024-02-04,1,Completed,Mobile App
1148,PERM-2025-01148,S1,R2,2025-03-27,2025-03-30,3,Completed,Mobile App
1149,PERM-2025-01149,S2,R1,2025-08-21,2025-08-24,3,Completed,Online Portal
1150,PERM-2023-01150,S5,R1,2023-07-06,2023-07-15,9,Completed,Mobile App
1151,PERM-2023-01151,S2,R1,2023-03-02,2023-03-03,1,Completed,Online Portal
1152,PERM-2025-01152,S3,R1,2025-07-27,2025-07-30,3,Completed,Online Portal
1153,PERM-2024-01153,S1,R1,2024-12-10,,12,Under Review,Service Center
1154,PERM-2025-01154,S2,R2,2025-03-17,,3,Under Review,Online Portal
1155,PERM-2023-01155,S2,R3,2023-01-11,2023-01-13,2,Completed,Online Portal
1156,PERM-2025-01156,S2,R3,2025-12-21,2026-01-09,19,Rejected,Service Center
1157,PERM-2023-01157,S1,R2,2023-08-14,2023-08-16,2,Completed,Online Portal
1158,PERM-2024-01158,S2,R1,2024-07-17,2024-08-02,16,Rejected,Kiosk
1159,PERM-2025-01159,S2,R3,2025-02-10,2025-03-05,23,Completed,Kiosk
1160,PERM-2025-01160,S3,R3,2025-06-03,2025-06-04,1,Completed,Mobile App
1161,PERM-2023-01161,S2,R1,2023-08-14,2023-08-15,1,Completed,Online Portal
1162,PERM-2025-01162,S1,R2,2025-04-04,2025-04-05,1,Completed,Online Portal
1163,PERM-2023-01163,S2,R1,2023-08-06,2023-08-08,2,Completed,Online Portal
1164,PERM-2025-01164,S1,R3,2025-07-25,2025-07-26,1,Completed,Online Portal
1165,PERM-2025-01165,S4,R5,2025-01-22,2025-01-24,2,Completed,Online Portal
1166,PERM-2024-01166,S2,R1,2024-05-20,2024-06-01,12,Rejected,Kiosk
1167,PERM-2023-01167,S1,R3,2023-09-16,2023-09-19,3,Completed,Online Portal
1168,PERM-2023-01168,S5,R2,2023-02-23,2023-03-05,10,Completed,Mobile App
1169,PERM-2025-01169,S2,R5,2025-12-06,,1,Under Review,Online Portal
1170,PERM-2024-01170,S1,R1,2024-12-27,2024-12-30,3,Completed,Mobile App
1171,PERM-2024-01171,S2,R3,2024-11-19,2024-12-13,24,Rejected,Service Center
1172,PERM-2025-01172,S1,R1,2025-11-09,2025-11-12,3,Completed,Online Portal
1173,PERM-2024-01173,S3,R1,2024-02-23,2024-02-26,3,Completed,Online Portal
1174,PERM-2024-01174,S3,R1,2024-11-20,2024-11-23,3,Completed,Mobile App
1175,PERM-2025-01175,S5,R5,2025-04-29,2025-05-10,11,Completed,Mobile App
1176,PERM-2023-01176,S2,R3,2023-03-03,2023-03-06,3,Completed,Mobile App
1177,PERM-2023-01177,S2,R3,2023-08-04,2023-08-05,1,Completed,Online Portal
1178,PERM-2023-01178,S3,R4,2023-01-03,,1,Under Review,Online Portal
1179,PERM-2023-01179,S1,R1,2023-06-09,,17,Under Review,Kiosk
1180,PERM-2025-01180,S2,R1,2025-02-19,2025-03-09,18,Completed,Service Center
1181,PERM-2025-01181,S2,R1,2025-06-11,2025-06-12,1,Completed,Online Portal
1182,PERM-2023-01182,S1,R1,2023-11-25,2023-12-16,21,Completed,Service Center
1183,PERM-2024-01183,S2,R1,2024-08-02,2024-08-04,2,Completed,Online Portal
1184,PERM-2025-01184,S3,R1,2025-08-09,2025-08-12,3,Completed,Online Portal
1185,PERM-2024-01185,S3,R1,2024-09-26,2024-09-28,2,Completed,Online Portal
1186,PERM-2025-01186,S1,R1,2025-09-14,2025-09-16,2,Rejected,Online Portal
1187,PERM-2025-01187,S1,R1,2025-07-09,2025-07-11,2,Completed,Mobile App
1188,PERM-2025-01188,S1,R1,2025-01-07,2025-01-09,2,Completed,Online Portal
1189,PERM-2023-01189,S4,R5,2023-06-19,,1,Under Review,Online Portal
1190,PERM-2024-01190,S1,R2,2024-06-04,2024-06-05,1,Completed,Mobile App
1191,PERM-2023-01191,S2,R5,2023-02-09,2023-02-11,2,Completed,Mobile App
1192,PERM-2025-01192,S1,R1,2025-08-12,2025-08-15,3,Completed,Mobile App
1193,PERM-2025-01193,S2,R1,2025-09-10,,19,Under Review,Service Center
1194,PERM-2025-01194,S2,R2,2025-09-01,2025-09-04,3,Completed,Online Portal
1195,PERM-2023-01195,S3,R1,2023-02-07,,2,Under Review,Mobile App
1196,PERM-2023-01196,S1,R1,2023-11-24,2023-11-27,3,Completed,Mobile App
1197,PERM-2025-01197,S2,R1,2025-07-02,2025-07-05,3,Completed,Mobile App
1198,PERM-2024-01198,S1,R1,2024-03-29,2024-03-31,2,Completed,Online Portal
1199,PERM-2023-01199,S2,R1,2023-02-06,2023-02-08,2,Completed,Online Portal
1200,PERM-2025-01200,S4,R1,2025-08-30,,19,Under Review,Service Center
1201,PERM-2025-01201,S1,R2,2025-03-06,2025-03-09,3,Completed,Online Portal
1202,PERM-2025-01202,S3,R1,2025-08-30,,19,Under Review,Service Center
1203,PERM-2024-01203,S2,R1,2024-08-15,2024-08-16,1,Completed,Mobile App
1204,PERM-2025-01204,S1,R3,2025-11-29,2025-12-01,2,Completed,Mobile App
1205,PERM-2023-01205,S2,R1,2023-08-12,2023-08-24,12,Rejected,Service Center
1206,PERM-2023-01206,S1,R1,2023-11-14,2023-11-17,3,Completed,Mobile App
1207,PERM-2023-01207,S2,R3,2023-12-15,2023-12-18,3,Completed,Online Portal
1208,PERM-2023-01208,S3,R1,2023-04-25,2023-04-26,1,Completed,Mobile App
1209,PERM-2024-01209,S1,R1,2024-11-28,,15,Under Review,Service Center
1210,PERM-2025-01210,S2,R1,2025-11-29,2025-11-30,1,Completed,Online Portal
1211,PERM-2023-01211,S3,R1,2023-02-09,2023-02-10,1,Completed,Online Portal
1212,PERM-2023-01212,S5,R2,2023-08-04,2023-08-15,11,Completed,Online Portal
1213,PERM-2023-01213,S2,R3,2023-12-02,2023-12-14,12,Completed,Service Center
1214,PERM-2023-01214,S5,R1,2023-04-02,2023-04-12,10,Completed,Online Portal
1215,PERM-2023-01215,S2,R2,2023-12-19,2023-12-20,1,Completed,Mobile App
1216,PERM-2024-01216,S2,R1,2024-07-24,2024-07-26,2,Completed,Online Portal
1217,PERM-2025-01217,S3,R1,2025-03-26,,3,Under Review,Online Portal
1218,PERM-2025-01218,S2,R2,2025-02-19,2025-02-20,1,Completed,Mobile App
1219,PERM-2023-01219,S2,R1,2023-12-29,2023-12-31,2,Completed,Online Portal
1220,PERM-2024-01220,S2,R1,2024-07-10,2024-07-13,3,Completed,Mobile App
1221,PERM-2023-01221,S3,R1,2023-12-22,2023-12-23,1,Completed,Mobile App
1222,PERM-2023-01222,S3,R1,2023-07-10,2023-07-22,12,Completed,Service Center
1223,PERM-2024-01223,S2,R1,2024-02-26,2024-02-27,1,Completed,Online Portal
1224,PERM-2024-01224,S2,R3,2024-11-30,,15,Under Review,Service Center
1225,PERM-2023-01225,S2,R1,2023-01-07,2023-01-10,3,Completed,Mobile App
1226,PERM-2023-01226,S2,R1,2023-05-13,,19,Under Review,Service Center
1227,PERM-2024-01227,S1,R1,2024-07-10,2024-07-11,1,Completed,Online Portal
1228,PERM-2025-01228,S3,R2,2025-04-05,2025-04-07,2,Completed,Mobile App
1229,PERM-2025-01229,S2,R2,2025-01-30,2025-02-13,14,Rejected,Service Center
1230,PERM-2025-01230,S2,R2,2025-11-20,,15,Under Review,Service Center
1231,PERM-2024-01231,S1,R2,2024-06-18,2024-06-19,1,Completed,Online Portal
1232,PERM-2024-01232,S1,R3,2024-03-01,,2,Under Review,Online Portal
1233,PERM-2024-01233,S5,R1,2024-11-02,2024-11-11,9,Completed,Online Portal
1234,PERM-2023-01234,S2,R1,2023-12-29,2023-12-30,1,Completed,Online Portal
1235,PERM-2023-01235,S1,R3,2023-03-23,2023-03-25,2,Completed,Online Portal
1236,PERM-2023-01236,S2,R5,2023-12-22,2023-12-25,3,Completed,Online Portal
1237,PERM-2024-01237,S2,R3,2024-08-11,2024-09-03,23,Completed,Service Center
1238,PERM-2023-01238,S1,R1,2023-10-22,2023-10-24,2,Completed,Online Portal
1239,PERM-2025-01239,S2,R1,2025-12-05,2025-12-08,3,Completed,Mobile App
1240,PERM-2023-01240,S2,R1,2023-01-17,2023-01-19,2,Rejected,Online Portal
1241,PERM-2023-01241,S2,R2,2023-12-26,2023-12-28,2,Completed,Online Portal
1242,PERM-2025-01242,S2,R1,2025-05-15,2025-05-18,3,Completed,Online Portal
1243,PERM-2024-01243,S2,R1,2024-11-30,2024-12-03,3,Completed,Online Portal
1244,PERM-2024-01244,S5,R3,2024-03-23,2024-04-02,10,Completed,Mobile App
1245,PERM-2025-01245,S2,R1,2025-05-05,2025-05-17,12,Rejected,Service Center
1246,PERM-2023-01246,S1,R3,2023-12-31,2024-01-03,3,Completed,Online Portal
1247,PERM-2024-01247,S1,R1,2024-11-05,2024-11-08,3,Completed,Online Portal
1248,PERM-2025-01248,S2,R1,2025-10-04,2025-10-06,2,Completed,Online Portal
1249,PERM-2024-01249,S3,R1,2024-04-11,,21,Under Review,Service Center
1250,PERM-2024-01250,S1,R2,2024-02-18,2024-02-20,2,Completed,Mobile App
1251,PERM-2024-01251,S2,R1,2024-08-08,2024-08-11,3,Completed,Mobile App
1252,PERM-2025-01252,S1,R1,2025-09-20,2025-09-21,1,Completed,Mobile App
1253,PERM-2024-01253,S2,R4,2024-07-25,2024-08-09,15,Rejected,Service Center
1254,PERM-2023-01254,S3,R1,2023-12-01,2023-12-04,3,Completed,Online Portal
1255,PERM-2023-01255,S2,R2,2023-02-06,2023-02-07,1,Completed,Online Portal
1256,PERM-2025-01256,S2,R2,2025-09-15,2025-10-09,24,Completed,Service Center
1257,PERM-2023-01257,S1,R1,2023-10-05,2023-10-07,2,Completed,Mobile App
1258,PERM-2025-01258,S2,R2,2025-07-04,2025-07-06,2,Completed,Mobile App
1259,PERM-2024-01259,S1,R1,2024-04-28,2024-04-30,2,Completed,Mobile App
1260,PERM-2024-01260,S3,R2,2024-12-31,2025-01-01,1,Completed,Online Portal
1261,PERM-2023-01261,S1,R1,2023-07-11,2023-07-13,2,Completed,Mobile App
1262,PERM-2025-01262,S4,R2,2025-11-06,2025-11-07,1,Completed,Mobile App
1263,PERM-2024-01263,S2,R1,2024-06-07,2024-06-10,3,Completed,Online Portal
1264,PERM-2025-01264,S2,R2,2025-07-06,2025-07-09,3,Completed,Mobile App
1265,PERM-2024-01265,S2,R1,2024-02-05,,19,Under Review,Service Center
1266,PERM-2025-01266,S4,R1,2025-06-04,2025-06-05,1,Completed,Online Portal
1267,PERM-2024-01267,S1,R1,2024-12-05,2024-12-06,1,Completed,Online Portal
1268,PERM-2023-01268,S1,R1,2023-01-22,2023-01-24,2,Completed,Online Portal
1269,PERM-2024-01269,S2,R3,2024-04-18,2024-04-19,1,Completed,Mobile App
1270,PERM-2023-01270,S1,R1,2023-07-29,2023-08-01,3,Completed,Online Portal
1271,PERM-2023-01271,S1,R4,2023-11-02,2023-11-04,2,Completed,Mobile App
1272,PERM-2024-01272,S5,R5,2024-12-04,,24,Under Review,Service Center
1273,PERM-2024-01273,S5,R2,2024-11-17,2024-11-26,9,Completed,Online Portal
1274,PERM-2023-01274,S2,R1,2023-10-12,2023-11-05,24,Completed,Service Center
1275,PERM-2024-01275,S5,R1,2024-12-16,,23,Under Review,Kiosk
1276,PERM-2025-01276,S2,R2,2025-02-01,2025-02-03,2,Completed,Online Portal
1277,PERM-2025-01277,S1,R1,2025-08-05,2025-08-08,3,Completed,Online Portal
1278,PERM-2024-01278,S2,R1,2024-01-16,,16,Under Review,Kiosk
1279,PERM-2024-01279,S2,R2,2024-04-04,2024-04-27,23,Rejected,Kiosk
1280,PERM-2025-01280,S5,R3,2025-10-27,2025-11-05,9,Completed,Online Portal
1281,PERM-2023-01281,S1,R2,2023-01-29,,3,Under Review,Online Portal
1282,PERM-2025-01282,S2,R1,2025-06-25,2025-06-26,1,Completed,Online Portal
1283,PERM-2025-01283,S1,R2,2025-11-22,2025-12-10,18,Completed,Kiosk
1284,PERM-2025-01284,S1,R1,2025-05-28,2025-05-31,3,Completed,Online Portal
1285,PERM-2023-01285,S1,R1,2023-03-20,2023-03-22,2,Completed,Mobile App
1286,PERM-2025-01286,S5,R3,2025-08-04,2025-08-29,25,Rejected,Service Center
1287,PERM-2024-01287,S3,R1,2024-04-03,2024-04-06,3,Completed,Online Portal
1288,PERM-2024-01288,S3,R1,2024-07-23,2024-07-26,3,Completed,Mobile App
1289,PERM-2025-01289,S2,R1,2025-01-07,2025-01-08,1,Completed,Online Portal
1290,PERM-2024-01290,S2,R3,2024-05-30,2024-06-20,21,Rejected,Service Center
1291,PERM-2024-01291,S1,R2,2024-02-01,2024-02-02,1,Completed,Online Portal
1292,PERM-2023-01292,S1,R2,2023-02-08,,1,Under Review,Mobile App
1293,PERM-2025-01293,S2,R2,2025-06-05,2025-06-07,2,Completed,Mobile App
1294,PERM-2025-01294,S3,R1,2025-03-07,2025-03-09,2,Completed,Online Portal
1295,PERM-2023-01295,S2,R1,2023-06-06,2023-06-07,1,Completed,Online Portal
1296,PERM-2025-01296,S1,R1,2025-06-02,2025-06-03,1,Completed,Online Portal
1297,PERM-2025-01297,S1,R1,2025-08-31,2025-09-03,3,Completed,Online Portal
1298,PERM-2025-01298,S1,R1,2025-11-11,2025-11-24,13,Completed,Service Center
1299,PERM-2025-01299,S2,R4,2025-04-28,,19,Under Review,Service Center
1300,PERM-2025-01300,S5,R1,2025-01-17,2025-01-28,11,Completed,Online Portal
1301,PERM-2025-01301,S2,R1,2025-09-15,2025-09-18,3,Completed,Mobile App
1302,PERM-2023-01302,S3,R1,2023-01-21,2023-01-23,2,Completed,Mobile App
1303,PERM-2023-01303,S2,R1,2023-10-30,,22,Under Review,Service Center
1304,PERM-2025-01304,S2,R4,2025-05-18,2025-05-20,2,Completed,Online Portal
1305,PERM-2023-01305,S1,R1,2023-03-25,2023-03-27,2,Completed,Online Portal
1306,PERM-2024-01306,S4,R1,2024-07-23,2024-07-26,3,Completed,Online Portal
1307,PERM-2025-01307,S3,R2,2025-07-22,2025-07-24,2,Completed,Mobile App
1308,PERM-2025-01308,S1,R1,2025-10-05,2025-10-08,3,Completed,Online Portal
1309,PERM-2025-01309,S2,R1,2025-03-03,2025-03-06,3,Completed,Online Portal
1310,PERM-2025-01310,S2,R1,2025-03-02,2025-03-04,2,Completed,Online Portal
1311,PERM-2024-01311,S2,R2,2024-05-06,2024-05-09,3,Completed,Mobile App
1312,PERM-2023-01312,S5,R5,2023-07-27,2023-08-07,11,Completed,Online Portal
1313,PERM-2025-01313,S2,R2,2025-12-19,2025-12-22,3,Completed,Online Portal
1314,PERM-2024-01314,S2,R1,2024-03-05,2024-03-08,3,Completed,Online Portal
1315,PERM-2025-01315,S1,R3,2025-09-11,2025-09-12,1,Completed,Online Portal
1316,PERM-2024-01316,S1,R1,2024-06-03,2024-06-05,2,Completed,Mobile App
1317,PERM-2024-01317,S1,R1,2024-08-13,2024-08-15,2,Completed,Online Portal
1318,PERM-2025-01318,S1,R1,2025-11-16,2025-11-17,1,Completed,Online Portal
1319,PERM-2023-01319,S2,R1,2023-07-18,2023-07-20,2,Completed,Mobile App
1320,PERM-2024-01320,S2,R1,2024-01-22,2024-01-23,1,Completed,Online Portal
1321,PERM-2023-01321,S1,R2,2023-12-15,2023-12-18,3,Completed,Online Portal
1322,PERM-2025-01322,S3,R4,2025-08-17,2025-09-07,21,Completed,Service Center
1323,PERM-2024-01323,S1,R1,2024-11-23,2024-11-26,3,Completed,Online Portal
1324,PERM-2024-01324,S2,R1,2024-01-13,2024-01-14,1,Completed,Online Portal
1325,PERM-2025-01325,S1,R1,2025-06-17,2025-06-18,1,Completed,Online Portal
1326,PERM-2025-01326,S2,R1,2025-07-04,2025-07-07,3,Rejected,Online Portal
1327,PERM-2024-01327,S1,R2,2024-06-10,2024-06-12,2,Completed,Mobile App
1328,PERM-2025-01328,S2,R1,2025-01-03,2025-01-05,2,Completed,Mobile App
1329,PERM-2023-01329,S2,R3,2023-07-25,2023-07-28,3,Completed,Mobile App
1330,PERM-2024-01330,S5,R1,2024-03-30,,11,Under Review,Online Portal
1331,PERM-2024-01331,S1,R1,2024-06-04,,3,Under Review,Online Portal
1332,PERM-2025-01332,S1,R1,2025-10-13,2025-10-28,15,Completed,Service Center
1333,PERM-2025-01333,S1,R1,2025-08-13,,13,Under Review,Service Center
1334,PERM-2024-01334,S2,R1,2024-12-26,2024-12-27,1,Completed,Online Portal
1335,PERM-2025-01335,S1,R2,2025-10-10,2025-10-12,2,Completed,Online Portal
1336,PERM-2024-01336,S3,R1,2024-05-15,2024-05-16,1,Completed,Online Portal
1337,PERM-2023-01337,S2,R2,2023-04-27,2023-04-29,2,Completed,Online Portal
1338,PERM-2024-01338,S2,R1,2024-01-21,2024-01-24,3,Completed,Online Portal
1339,PERM-2024-01339,S2,R1,2024-08-06,2024-08-09,3,Completed,Online Portal
1340,PERM-2024-01340,S1,R1,2024-01-30,2024-01-31,1,Completed,Mobile App
1341,PERM-2025-01341,S1,R3,2025-12-23,2025-12-25,2,Completed,Mobile App
1342,PERM-2024-01342,S2,R1,2024-12-21,2024-12-23,2,Completed,Online Portal
1343,PERM-2023-01343,S2,R2,2023-03-13,2023-03-14,1,Completed,Online Portal
1344,PERM-2023-01344,S1,R1,2023-10-01,,14,Under Review,Service Center
1345,PERM-2023-01345,S1,R2,2023-12-04,2023-12-07,3,Completed,Online Portal
1346,PERM-2024-01346,S5,R1,2024-08-29,2024-09-09,11,Completed,Mobile App
1347,PERM-2023-01347,S1,R2,2023-06-15,2023-06-17,2,Completed,Online Portal
1348,PERM-2023-01348,S3,R2,2023-01-11,2023-01-12,1,Completed,Mobile App
1349,PERM-2024-01349,S3,R4,2024-12-29,2024-12-31,2,Rejected,Online Portal
1350,PERM-2025-01350,S1,R1,2025-03-11,2025-03-13,2,Completed,Online Portal
1351,PERM-2023-01351,S1,R1,2023-04-12,2023-04-14,2,Completed,Online Portal
1352,PERM-2025-01352,S1,R1,2025-02-17,2025-02-18,1,Completed,Online Portal
1353,PERM-2023-01353,S2,R3,2023-08-02,2023-08-04,2,Completed,Online Portal
1354,PERM-2024-01354,S2,R1,2024-02-05,2024-02-07,2,Completed,Mobile App
1355,PERM-2024-01355,S3,R2,2024-08-10,2024-08-13,3,Completed,Online Portal
1356,PERM-2025-01356,S5,R1,2025-06-07,2025-06-17,10,Rejected,Online Portal
1357,PERM-2025-01357,S2,R1,2025-12-05,2025-12-06,1,Completed,Mobile App
1358,PERM-2024-01358,S1,R1,2024-08-14,2024-08-17,3,Completed,Mobile App
1359,PERM-2023-01359,S1,R5,2023-04-02,2023-04-27,25,Rejected,Kiosk
1360,PERM-2024-01360,S3,R2,2024-11-03,2024-11-05,2,Completed,Mobile App
1361,PERM-2024-01361,S1,R4,2024-12-14,2024-12-15,1,Completed,Online Portal
1362,PERM-2025-01362,S1,R1,2025-07-24,2025-07-27,3,Completed,Mobile App
1363,PERM-2023-01363,S2,R2,2023-08-30,2023-09-12,13,Rejected,Service Center
1364,PERM-2023-01364,S2,R2,2023-01-02,,25,Under Review,Service Center
1365,PERM-2023-01365,S5,R1,2023-08-13,2023-08-24,11,Completed,Online Portal
1366,PERM-2025-01366,S2,R3,2025-03-11,2025-03-13,2,Completed,Online Portal
1367,PERM-2024-01367,S1,R4,2024-08-11,2024-08-12,1,Completed,Online Portal
1368,PERM-2023-01368,S5,R3,2023-04-26,2023-05-05,9,Completed,Mobile App
1369,PERM-2025-01369,S1,R2,2025-07-06,2025-07-09,3,Completed,Mobile App
1370,PERM-2023-01370,S2,R1,2023-07-13,2023-07-15,2,Completed,Mobile App
1371,PERM-2025-01371,S2,R1,2025-05-20,2025-05-22,2,Completed,Online Portal
1372,PERM-2023-01372,S1,R5,2023-03-31,2023-04-01,1,Completed,Mobile App
1373,PERM-2023-01373,S2,R1,2023-05-02,2023-05-23,21,Completed,Service Center
1374,PERM-2023-01374,S1,R2,2023-05-23,2023-05-24,1,Completed,Online Portal
1375,PERM-2025-01375,S2,R2,2025-09-20,2025-09-21,1,Completed,Mobile App
1376,PERM-2023-01376,S2,R2,2023-04-16,2023-04-17,1,Completed,Online Portal
1377,PERM-2025-01377,S3,R5,2025-06-05,2025-06-25,20,Completed,Service Center
1378,PERM-2024-01378,S3,R1,2024-03-03,2024-03-19,16,Rejected,Service Center
1379,PERM-2023-01379,S1,R1,2023-11-13,2023-11-16,3,Completed,Mobile App
1380,PERM-2024-01380,S2,R1,2024-09-26,2024-09-29,3,Completed,Mobile App
1381,PERM-2023-01381,S2,R1,2023-01-09,2023-02-01,23,Completed,Service Center
1382,PERM-2025-01382,S1,R1,2025-02-12,2025-02-15,3,Completed,Online Portal
1383,PERM-2023-01383,S3,R1,2023-08-11,2023-08-13,2,Completed,Online Portal
1384,PERM-2024-01384,S2,R3,2024-07-06,2024-07-08,2,Completed,Mobile App
1385,PERM-2024-01385,S1,R4,2024-12-16,2024-12-19,3,Completed,Online Portal
1386,PERM-2023-01386,S2,R1,2023-04-21,2023-04-23,2,Completed,Online Portal
1387,PERM-2023-01387,S1,R1,2023-09-08,2023-10-02,24,Completed,Service Center
1388,PERM-2024-01388,S2,R4,2024-01-18,2024-01-20,2,Completed,Mobile App
1389,PERM-2023-01389,S1,R1,2023-01-07,2023-01-08,1,Completed,Online Portal
1390,PERM-2024-01390,S5,R1,2024-04-03,2024-04-13,10,Completed,Online Portal
1391,PERM-2023-01391,S3,R1,2023-07-27,2023-07-30,3,Completed,Online Portal
1392,PERM-2025-01392,S2,R2,2025-06-18,2025-06-19,1,Completed,Online Portal
1393,PERM-2023-01393,S2,R1,2023-01-22,2023-01-23,1,Completed,Online Portal
1394,PERM-2024-01394,S4,R5,2024-02-14,2024-02-16,2,Completed,Mobile App
1395,PERM-2025-01395,S2,R1,2025-06-13,2025-06-16,3,Completed,Online Portal
1396,PERM-2024-01396,S1,R1,2024-05-29,2024-05-31,2,Completed,Online Portal
1397,PERM-2025-01397,S2,R1,2025-03-19,2025-03-20,1,Completed,Online Portal
1398,PERM-2025-01398,S3,R1,2025-05-23,2025-06-04,12,Rejected,Kiosk
1399,PERM-2023-01399,S2,R2,2023-01-14,2023-01-15,1,Completed,Online Portal
1400,PERM-2025-01400,S2,R2,2025-08-28,2025-08-29,1,Completed,Online Portal
1401,PERM-2025-01401,S3,R2,2025-09-04,2025-09-05,1,Completed,Online Portal
1402,PERM-2025-01402,S4,R2,2025-10-10,2025-10-13,3,Completed,Mobile App
1403,PERM-2025-01403,S4,R4,2025-11-01,,2,Under Review,Mobile App
1404,PERM-2023-01404,S1,R3,2023-03-28,,1,Under Review,Online Portal
1405,PERM-2025-01405,S2,R2,2025-06-27,2025-06-29,2,Completed,Online Portal
1406,PERM-2023-01406,S2,R1,2023-05-02,2023-05-03,1,Completed,Online Portal
1407,PERM-2025-01407,S3,R1,2025-01-19,2025-01-20,1,Completed,Mobile App
1408,PERM-2024-01408,S2,R1,2024-11-15,2024-11-16,1,Completed,Mobile App
1409,PERM-2023-01409,S1,R2,2023-11-05,2023-11-06,1,Completed,Online Portal
1410,PERM-2024-01410,S3,R1,2024-11-25,2024-11-26,1,Completed,Online Portal
1411,PERM-2023-01411,S2,R1,2023-10-15,,1,Under Review,Online Portal
1412,PERM-2023-01412,S1,R3,2023-11-03,2023-11-06,3,Completed,Online Portal
1413,PERM-2025-01413,S2,R3,2025-07-02,2025-07-03,1,Completed,Mobile App
1414,PERM-2024-01414,S1,R4,2024-10-23,2024-10-25,2,Completed,Online Portal
1415,PERM-2024-01415,S2,R1,2024-07-02,2024-07-05,3,Rejected,Online Portal
1416,PERM-2023-01416,S1,R2,2023-11-08,2023-11-09,1,Completed,Online Portal
1417,PERM-2025-01417,S2,R1,2025-05-22,,25,Under Review,Kiosk
1418,PERM-2025-01418,S2,R1,2025-12-18,2026-01-08,21,Completed,Service Center
1419,PERM-2025-01419,S2,R1,2025-07-12,2025-07-13,1,Completed,Online Portal
1420,PERM-2025-01420,S2,R1,2025-01-24,2025-01-27,3,Completed,Online Portal
1421,PERM-2023-01421,S3,R1,2023-02-04,2023-02-06,2,Completed,Online Portal
1422,PERM-2024-01422,S1,R3,2024-03-20,2024-03-23,3,Completed,Online Portal
1423,PERM-2023-01423,S1,R1,2023-04-03,2023-04-04,1,Completed,Online Portal
1424,PERM-2023-01424,S3,R2,2023-12-19,2023-12-20,1,Completed,Mobile App
1425,PERM-2025-01425,S1,R1,2025-06-21,2025-06-22,1,Rejected,Mobile App
1426,PERM-2025-01426,S5,R1,2025-05-11,2025-06-03,23,Completed,Service Center
1427,PERM-2023-01427,S3,R1,2023-06-08,2023-06-09,1,Completed,Online Portal
1428,PERM-2025-01428,S2,R1,2025-08-14,,23,Under Review,Service Center
1429,PERM-2023-01429,S5,R2,2023-01-24,2023-02-03,10,Completed,Mobile App
1430,PERM-2024-01430,S1,R1,2024-02-08,2024-02-09,1,Completed,Online Portal
1431,PERM-2025-01431,S2,R1,2025-03-15,,2,Under Review,Online Portal
1432,PERM-2024-01432,S2,R1,2024-05-30,2024-06-01,2,Completed,Online Portal
1433,PERM-2025-01433,S2,R1,2025-01-01,2025-01-02,1,Completed,Online Portal
1434,PERM-2024-01434,S5,R4,2024-06-15,2024-06-26,11,Completed,Online Portal
1435,PERM-2025-01435,S1,R1,2025-08-13,2025-08-14,1,Completed,Mobile App
1436,PERM-2023-01436,S2,R2,2023-06-01,2023-06-02,1,Completed,Online Portal
1437,PERM-2025-01437,S2,R2,2025-08-04,,20,Under Review,Service Center
1438,PERM-2024-01438,S2,R4,2024-08-30,2024-08-31,1,Completed,Online Portal
1439,PERM-2024-01439,S1,R3,2024-02-24,2024-03-19,24,Completed,Kiosk
1440,PERM-2025-01440,S2,R2,2025-05-15,2025-05-16,1,Completed,Online Portal
1441,PERM-2024-01441,S3,R2,2024-07-31,2024-08-02,2,Completed,Mobile App
1442,PERM-2023-01442,S1,R3,2023-12-01,2023-12-04,3,Completed,Online Portal
1443,PERM-2025-01443,S3,R1,2025-07-20,2025-07-21,1,Rejected,Online Portal
1444,PERM-2023-01444,S2,R1,2023-10-22,2023-11-07,16,Completed,Service Center
1445,PERM-2025-01445,S3,R1,2025-01-24,2025-01-27,3,Completed,Online Portal
1446,PERM-2023-01446,S2,R3,2023-07-05,2023-07-06,1,Completed,Mobile App
1447,PERM-2024-01447,S1,R3,2024-09-28,2024-09-29,1,Completed,Mobile App
1448,PERM-2024-01448,S2,R1,2024-06-13,2024-06-16,3,Completed,Online Portal
1449,PERM-2023-01449,S3,R2,2023-01-21,,2,Under Review,Online Portal
1450,PERM-2025-01450,S2,R1,2025-06-29,2025-07-01,2,Completed,Mobile App
1451,PERM-2025-01451,S5,R1,2025-05-16,2025-05-27,11,Completed,Online Portal
1452,PERM-2025-01452,S2,R5,2025-03-04,2025-03-07,3,Completed,Mobile App
1453,PERM-2023-01453,S1,R1,2023-04-10,,18,Under Review,Service Center
1454,PERM-2025-01454,S2,R1,2025-01-21,,3,Under Review,Online Portal
1455,PERM-2024-01455,S5,R2,2024-04-22,2024-05-03,11,Completed,Online Portal
1456,PERM-2025-01456,S2,R2,2025-07-28,2025-07-31,3,Completed,Mobile App
1457,PERM-2024-01457,S3,R1,2024-06-09,2024-06-11,2,Rejected,Online Portal
1458,PERM-2023-01458,S4,R2,2023-11-30,2023-12-02,2,Completed,Online Portal
1459,PERM-2023-01459,S2,R1,2023-01-02,2023-01-04,2,Completed,Online Portal
1460,PERM-2024-01460,S1,R1,2024-01-10,2024-01-13,3,Completed,Mobile App
1461,PERM-2023-01461,S2,R1,2023-10-20,2023-10-22,2,Completed,Online Portal
1462,PERM-2025-01462,S2,R2,2025-04-16,2025-04-17,1,Completed,Online Portal
1463,PERM-2025-01463,S3,R1,2025-10-01,2025-10-03,2,Completed,Mobile App
1464,PERM-2024-01464,S2,R4,2024-07-06,2024-07-08,2,Completed,Online Portal
1465,PERM-2023-01465,S2,R3,2023-11-14,2023-11-17,3,Completed,Online Portal
1466,PERM-2024-01466,S3,R5,2024-01-16,2024-01-30,14,Rejected,Kiosk
1467,PERM-2023-01467,S2,R1,2023-01-14,,1,Under Review,Mobile App
1468,PERM-2024-01468,S2,R5,2024-05-18,2024-06-12,25,Completed,Service Center
1469,PERM-2023-01469,S2,R1,2023-08-19,2023-08-22,3,Rejected,Online Portal
1470,PERM-2023-01470,S2,R1,2023-05-10,2023-05-13,3,Completed,Mobile App
1471,PERM-2025-01471,S2,R1,2025-04-17,2025-04-18,1,Completed,Online Portal
1472,PERM-2025-01472,S3,R1,2025-06-09,2025-06-10,1,Completed,Online Portal
1473,PERM-2023-01473,S2,R2,2023-01-28,2023-01-30,2,Completed,Online Portal
1474,PERM-2023-01474,S2,R1,2023-03-07,2023-03-09,2,Completed,Online Portal
1475,PERM-2023-01475,S2,R1,2023-09-18,,25,Under Review,Service Center
1476,PERM-2024-01476,S1,R2,2024-04-04,2024-04-07,3,Completed,Online Portal
1477,PERM-2023-01477,S1,R1,2023-10-28,2023-10-31,3,Completed,Mobile App
1478,PERM-2025-01478,S5,R2,2025-07-07,2025-07-16,9,Completed,Mobile App
1479,PERM-2023-01479,S2,R1,2023-10-14,2023-10-16,2,Completed,Mobile App
1480,PERM-2025-01480,S2,R3,2025-10-30,2025-11-02,3,Completed,Online Portal
1481,PERM-2024-01481,S2,R3,2024-09-21,2024-09-23,2,Completed,Mobile App
1482,PERM-2023-01482,S1,R1,2023-09-27,2023-09-29,2,Completed,Online Portal
1483,PERM-2024-01483,S2,R1,2024-08-14,2024-08-17,3,Completed,Online Portal
1484,PERM-2025-01484,S2,R1,2025-04-23,2025-05-09,16,Completed,Kiosk
1485,PERM-2025-01485,S2,R3,2025-05-11,2025-05-12,1,Rejected,Online Portal
1486,PERM-2023-01486,S2,R1,2023-05-13,2023-05-15,2,Completed,Online Portal
1487,PERM-2025-01487,S1,R1,2025-08-29,2025-09-10,12,Completed,Service Center
1488,PERM-2024-01488,S1,R1,2024-05-27,2024-05-28,1,Completed,Online Portal
1489,PERM-2023-01489,S5,R1,2023-11-09,2023-11-20,11,Completed,Mobile App
1490,PERM-2024-01490,S2,R1,2024-07-29,2024-08-01,3,Completed,Online Portal
1491,PERM-2025-01491,S2,R3,2025-06-04,2025-06-05,1,Completed,Online Portal
1492,PERM-2024-01492,S1,R1,2024-11-17,2024-11-20,3,Completed,Online Portal
1493,PERM-2023-01493,S1,R1,2023-06-14,2023-06-15,1,Completed,Online Portal
1494,PERM-2023-01494,S2,R3,2023-11-01,2023-11-03,2,Completed,Online Portal
1495,PERM-2023-01495,S2,R3,2023-06-05,2023-06-08,3,Completed,Mobile App
1496,PERM-2024-01496,S2,R1,2024-09-11,2024-09-12,1,Completed,Mobile App
1497,PERM-2025-01497,S1,R1,2025-08-14,,13,Under Review,Service Center
1498,PERM-2023-01498,S2,R1,2023-11-30,2023-12-01,1,Completed,Online Portal
1499,PERM-2025-01499,S1,R4,2025-08-26,2025-08-27,1,Completed,Mobile App
1500,PERM-2024-01500,S1,R1,2024-05-25,2024-05-28,3,Completed,Mobile App
1501,PERM-2025-01501,S2,R4,2025-11-09,2025-11-22,13,Rejected,Service Center
1502,PERM-2023-01502,S1,R2,2023-10-09,2023-10-11,2,Completed,Online Portal
1503,PERM-2025-01503,S1,R1,2025-03-07,2025-03-09,2,Completed,Mobile App
1504,PERM-2025-01504,S2,R1,2025-10-21,2025-11-10,20,Completed,Service Center
1505,PERM-2023-01505,S2,R1,2023-04-29,2023-05-02,3,Completed,Online Portal
1506,PERM-2025-01506,S3,R1,2025-11-24,2025-12-17,23,Completed,Service Center
1507,PERM-2023-01507,S2,R1,2023-07-17,2023-07-18,1,Completed,Online Portal
1508,PERM-2024-01508,S1,R2,2024-04-29,2024-04-30,1,Completed,Mobile App
1509,PERM-2025-01509,S1,R5,2025-12-18,,22,Under Review,Service Center
1510,PERM-2025-01510,S5,R2,2025-04-16,2025-04-25,9,Completed,Mobile App
1511,PERM-2025-01511,S2,R2,2025-10-05,2025-10-06,1,Completed,Online Portal
1512,PERM-2024-01512,S2,R1,2024-11-21,2024-11-23,2,Completed,Online Portal
1513,PERM-2025-01513,S1,R1,2025-11-01,,17,Under Review,Service Center
1514,PERM-2024-01514,S2,R1,2024-05-04,2024-05-07,3,Completed,Online Portal
1515,PERM-2023-01515,S1,R2,2023-10-03,2023-10-05,2,Completed,Online Portal
1516,PERM-2024-01516,S2,R4,2024-11-23,2024-11-26,3,Completed,Mobile App
1517,PERM-2023-01517,S5,R2,2023-08-30,2023-09-08,9,Completed,Online Portal
1518,PERM-2023-01518,S5,R1,2023-05-06,2023-05-15,9,Completed,Online Portal
1519,PERM-2023-01519,S2,R1,2023-08-05,2023-08-06,1,Completed,Online Portal
1520,PERM-2025-01520,S2,R2,2025-11-28,2025-12-01,3,Completed,Online Portal
1521,PERM-2024-01521,S5,R1,2024-05-09,2024-05-19,10,Completed,Mobile App
1522,PERM-2024-01522,S2,R3,2024-03-02,2024-03-05,3,Completed,Mobile App
1523,PERM-2025-01523,S1,R3,2025-07-07,2025-07-10,3,Completed,Mobile App
1524,PERM-2023-01524,S2,R2,2023-05-31,,16,Under Review,Service Center
1525,PERM-2024-01525,S1,R1,2024-01-19,,13,Under Review,Service Center
1526,PERM-2023-01526,S2,R1,2023-11-04,2023-11-05,1,Completed,Mobile App
1527,PERM-2025-01527,S2,R1,2025-01-15,2025-01-16,1,Completed,Online Portal
1528,PERM-2025-01528,S2,R1,2025-06-10,2025-06-12,2,Rejected,Mobile App
1529,PERM-2024-01529,S2,R1,2024-01-10,2024-01-13,3,Completed,Online Portal
1530,PERM-2025-01530,S1,R2,2025-10-28,2025-10-29,1,Completed,Mobile App
1531,PERM-2023-01531,S2,R2,2023-05-09,2023-05-12,3,Rejected,Mobile App
1532,PERM-2025-01532,S3,R1,2025-10-11,2025-10-14,3,Completed,Online Portal
1533,PERM-2024-01533,S2,R1,2024-10-30,2024-11-14,15,Completed,Service Center
1534,PERM-2024-01534,S2,R1,2024-05-31,2024-06-02,2,Completed,Online Portal
1535,PERM-2023-01535,S5,R1,2023-03-27,2023-04-07,11,Completed,Mobile App
1536,PERM-2023-01536,S4,R3,2023-11-07,2023-11-08,1,Completed,Online Portal
1537,PERM-2024-01537,S1,R1,2024-03-02,,24,Under Review,Service Center
1538,PERM-2023-01538,S1,R1,2023-04-24,2023-04-25,1,Completed,Online Portal
1539,PERM-2023-01539,S2,R1,2023-10-30,2023-10-31,1,Completed,Online Portal
1540,PERM-2025-01540,S3,R3,2025-01-13,2025-01-16,3,Completed,Online Portal
1541,PERM-2024-01541,S5,R2,2024-08-10,2024-08-20,10,Completed,Online Portal
1542,PERM-2025-01542,S4,R1,2025-09-13,2025-09-14,1,Completed,Online Portal
1543,PERM-2023-01543,S2,R1,2023-12-11,2023-12-13,2,Completed,Mobile App
1544,PERM-2025-01544,S2,R2,2025-03-24,2025-03-27,3,Completed,Online Portal
1545,PERM-2025-01545,S1,R4,2025-03-11,2025-03-12,1,Completed,Online Portal
1546,PERM-2025-01546,S1,R1,2025-10-21,2025-10-24,3,Completed,Online Portal
1547,PERM-2025-01547,S2,R3,2025-12-12,2026-01-04,23,Completed,Service Center
1548,PERM-2025-01548,S2,R4,2025-12-28,2025-12-30,2,Completed,Mobile App
1549,PERM-2023-01549,S2,R4,2023-12-27,2023-12-28,1,Completed,Mobile App
1550,PERM-2025-01550,S2,R2,2025-10-06,2025-10-08,2,Completed,Mobile App
1551,PERM-2024-01551,S1,R2,2024-12-04,2024-12-05,1,Completed,Online Portal
1552,PERM-2024-01552,S2,R1,2024-07-28,2024-07-29,1,Completed,Online Portal
1553,PERM-2024-01553,S1,R2,2024-11-18,2024-11-19,1,Completed,Online Portal
1554,PERM-2025-01554,S2,R1,2025-02-19,,16,Under Review,Service Center
1555,PERM-2024-01555,S3,R2,2024-08-07,,13,Under Review,Kiosk
1556,PERM-2024-01556,S2,R1,2024-08-11,2024-08-14,3,Completed,Online Portal
1557,PERM-2024-01557,S5,R2,2024-05-03,2024-05-12,9,Completed,Online Portal
1558,PERM-2025-01558,S1,R3,2025-08-28,2025-08-31,3,Completed,Online Portal
1559,PERM-2024-01559,S2,R1,2024-05-08,2024-05-10,2,Completed,Online Portal
1560,PERM-2023-01560,S2,R3,2023-01-19,2023-01-21,2,Completed,Mobile App
1561,PERM-2024-01561,S2,R1,2024-02-01,2024-02-04,3,Rejected,Online Portal
1562,PERM-2025-01562,S3,R3,2025-09-27,2025-10-19,22,Rejected,Service Center
1563,PERM-2025-01563,S2,R1,2025-04-30,2025-05-03,3,Completed,Online Portal
1564,PERM-2025-01564,S4,R1,2025-04-01,,17,Under Review,Service Center
1565,PERM-2024-01565,S1,R4,2024-03-30,2024-04-01,2,Completed,Mobile App
1566,PERM-2024-01566,S4,R1,2024-12-25,2024-12-28,3,Completed,Mobile App
1567,PERM-2025-01567,S1,R3,2025-12-24,2025-12-27,3,Completed,Mobile App
1568,PERM-2024-01568,S4,R1,2024-12-11,2024-12-14,3,Completed,Mobile App
1569,PERM-2023-01569,S2,R1,2023-05-23,2023-05-26,3,Completed,Mobile App
1570,PERM-2025-01570,S2,R1,2025-07-05,2025-07-08,3,Completed,Mobile App
1571,PERM-2025-01571,S2,R2,2025-04-07,2025-04-08,1,Completed,Mobile App
1572,PERM-2024-01572,S5,R1,2024-08-27,2024-09-21,25,Completed,Kiosk
1573,PERM-2023-01573,S1,R1,2023-11-01,2023-11-04,3,Completed,Mobile App
1574,PERM-2025-01574,S2,R1,2025-01-05,2025-01-08,3,Completed,Mobile App
1575,PERM-2023-01575,S3,R1,2023-10-18,2023-10-31,13,Completed,Service Center
1576,PERM-2023-01576,S2,R5,2023-04-12,,3,Under Review,Online Portal
1577,PERM-2025-01577,S1,R5,2025-05-16,2025-05-19,3,Completed,Online Portal
1578,PERM-2025-01578,S2,R1,2025-08-25,2025-08-27,2,Completed,Online Portal
1579,PERM-2025-01579,S2,R2,2025-08-31,2025-09-02,2,Completed,Mobile App
1580,PERM-2025-01580,S4,R1,2025-04-21,,17,Under Review,Service Center
1581,PERM-2025-01581,S3,R2,2025-08-19,2025-08-21,2,Completed,Online Portal
1582,PERM-2025-01582,S2,R3,2025-07-30,2025-07-31,1,Completed,Mobile App
1583,PERM-2025-01583,S5,R4,2025-10-23,2025-11-03,11,Completed,Mobile App
1584,PERM-2023-01584,S2,R1,2023-03-26,2023-03-29,3,Completed,Online Portal
1585,PERM-2023-01585,S1,R2,2023-11-24,2023-11-25,1,Completed,Mobile App
1586,PERM-2025-01586,S1,R1,2025-03-26,2025-04-12,17,Rejected,Service Center
1587,PERM-2024-01587,S2,R5,2024-03-29,2024-03-31,2,Completed,Online Portal
1588,PERM-2024-01588,S1,R1,2024-09-20,2024-09-21,1,Completed,Mobile App
1589,PERM-2024-01589,S5,R2,2024-10-26,2024-11-05,10,Completed,Mobile App
1590,PERM-2023-01590,S3,R2,2023-01-12,2023-01-14,2,Completed,Online Portal
1591,PERM-2023-01591,S1,R2,2023-10-31,2023-11-03,3,Completed,Online Portal
1592,PERM-2025-01592,S2,R1,2025-09-01,2025-09-19,18,Rejected,Kiosk
1593,PERM-2025-01593,S2,R4,2025-02-21,2025-02-24,3,Completed,Online Portal
1594,PERM-2023-01594,S5,R1,2023-02-12,2023-02-22,10,Completed,Online Portal
1595,PERM-2025-01595,S4,R2,2025-08-01,2025-08-04,3,Completed,Online Portal
1596,PERM-2023-01596,S2,R1,2023-12-09,2023-12-11,2,Completed,Mobile App
1597,PERM-2024-01597,S3,R1,2024-05-12,2024-05-14,2,Completed,Mobile App
1598,PERM-2023-01598,S2,R1,2023-12-30,2023-12-31,1,Completed,Mobile App
1599,PERM-2025-01599,S2,R1,2025-06-09,2025-06-10,1,Completed,Online Portal
1600,PERM-2024-01600,S1,R1,2024-03-02,2024-03-20,18,Completed,Service Center
1601,PERM-2025-01601,S1,R1,2025-10-01,2025-10-04,3,Completed,Online Portal
1602,PERM-2023-01602,S2,R1,2023-01-21,2023-01-22,1,Completed,Online Portal
1603,PERM-2024-01603,S1,R2,2024-02-11,2024-02-12,1,Completed,Online Portal
1604,PERM-2024-01604,S1,R3,2024-09-10,2024-09-13,3,Completed,Online Portal
1605,PERM-2025-01605,S2,R1,2025-10-11,2025-11-04,24,Completed,Service Center
1606,PERM-2023-01606,S1,R1,2023-12-02,,24,Under Review,Service Center
1607,PERM-2024-01607,S2,R1,2024-02-03,2024-02-06,3,Completed,Online Portal
1608,PERM-2025-01608,S2,R1,2025-03-03,2025-03-18,15,Completed,Service Center
1609,PERM-2024-01609,S5,R2,2024-12-15,2024-12-26,11,Completed,Mobile App
1610,PERM-2023-01610,S2,R2,2023-02-20,2023-03-09,17,Rejected,Service Center
1611,PERM-2023-01611,S1,R1,2023-11-20,2023-11-22,2,Completed,Online Portal
1612,PERM-2025-01612,S2,R1,2025-02-27,2025-02-28,1,Completed,Mobile App
1613,PERM-2023-01613,S3,R1,2023-05-21,2023-05-22,1,Completed,Online Portal
1614,PERM-2024-01614,S5,R3,2024-04-14,2024-05-11,27,Completed,Service Center
1615,PERM-2025-01615,S2,R5,2025-02-25,,3,Under Review,Online Portal
1616,PERM-2025-01616,S2,R1,2025-08-21,2025-08-24,3,Completed,Mobile App
1617,PERM-2025-01617,S4,R1,2025-10-04,2025-10-07,3,Completed,Online Portal
1618,PERM-2024-01618,S1,R3,2024-01-08,2024-01-10,2,Completed,Online Portal
1619,PERM-2024-01619,S2,R4,2024-05-08,2024-05-09,1,Completed,Mobile App
1620,PERM-2025-01620,S2,R1,2025-01-20,,22,Under Review,Service Center
1621,PERM-2023-01621,S1,R1,2023-10-18,2023-10-20,2,Completed,Mobile App
1622,PERM-2023-01622,S2,R1,2023-04-16,,18,Under Review,Service Center
1623,PERM-2024-01623,S1,R2,2024-10-31,2024-11-03,3,Completed,Online Portal
1624,PERM-2023-01624,S2,R1,2023-01-02,2023-01-04,2,Completed,Mobile App
1625,PERM-2024-01625,S5,R1,2024-08-11,2024-08-21,10,Completed,Online Portal
1626,PERM-2024-01626,S1,R2,2024-10-05,2024-10-06,1,Completed,Online Portal
1627,PERM-2023-01627,S3,R1,2023-03-31,2023-04-02,2,Completed,Mobile App
1628,PERM-2023-01628,S1,R2,2023-12-16,2023-12-19,3,Completed,Mobile App
1629,PERM-2025-01629,S2,R1,2025-11-28,2025-12-01,3,Completed,Mobile App
1630,PERM-2025-01630,S1,R1,2025-06-27,2025-06-28,1,Completed,Mobile App
1631,PERM-2023-01631,S5,R2,2023-06-08,2023-06-17,9,Completed,Mobile App
1632,PERM-2025-01632,S3,R1,2025-08-16,2025-08-19,3,Completed,Online Portal
1633,PERM-2023-01633,S2,R5,2023-11-08,2023-11-11,3,Completed,Online Portal
1634,PERM-2024-01634,S3,R1,2024-03-20,2024-03-22,2,Completed,Mobile App
1635,PERM-2023-01635,S2,R1,2023-10-25,2023-10-26,1,Completed,Online Portal
1636,PERM-2025-01636,S5,R2,2025-08-09,,11,Under Review,Online Portal
1637,PERM-2023-01637,S2,R1,2023-02-05,2023-02-08,3,Completed,Online Portal
1638,PERM-2024-01638,S5,R4,2024-07-12,2024-07-23,11,Completed,Mobile App
1639,PERM-2025-01639,S2,R1,2025-06-09,2025-06-10,1,Completed,Online Portal
1640,PERM-2023-01640,S1,R1,2023-05-21,2023-05-23,2,Completed,Mobile App
1641,PERM-2025-01641,S2,R1,2025-06-05,2025-06-06,1,Completed,Mobile App
1642,PERM-2024-01642,S1,R1,2024-12-26,2024-12-28,2,Completed,Online Portal
1643,PERM-2025-01643,S2,R3,2025-11-15,2025-11-18,3,Completed,Mobile App
1644,PERM-2024-01644,S2,R3,2024-06-04,2024-06-05,1,Completed,Mobile App
1645,PERM-2023-01645,S2,R1,2023-01-10,2023-01-13,3,Completed,Mobile App
1646,PERM-2025-01646,S1,R1,2025-09-10,2025-09-12,2,Completed,Mobile App
1647,PERM-2024-01647,S1,R3,2024-01-13,2024-01-16,3,Completed,Online Portal
1648,PERM-2024-01648,S2,R4,2024-11-12,,1,Under Review,Mobile App
1649,PERM-2024-01649,S5,R1,2024-08-06,2024-08-16,10,Completed,Online Portal
1650,PERM-2023-01650,S2,R1,2023-06-01,2023-06-23,22,Completed,Service Center
1651,PERM-2024-01651,S2,R1,2024-12-20,2025-01-14,25,Completed,Service Center
1652,PERM-2025-01652,S2,R3,2025-12-08,2025-12-09,1,Completed,Mobile App
1653,PERM-2025-01653,S2,R1,2025-05-08,2025-05-09,1,Completed,Online Portal
1654,PERM-2023-01654,S1,R1,2023-02-19,2023-02-21,2,Completed,Online Portal
1655,PERM-2024-01655,S2,R2,2024-10-25,2024-10-26,1,Completed,Online Portal
1656,PERM-2024-01656,S1,R1,2024-06-14,2024-06-15,1,Completed,Online Portal
1657,PERM-2025-01657,S5,R1,2025-12-19,2025-12-29,10,Completed,Online Portal
1658,PERM-2025-01658,S1,R1,2025-05-06,2025-05-09,3,Completed,Mobile App
1659,PERM-2023-01659,S2,R1,2023-05-26,2023-05-28,2,Completed,Online Portal
1660,PERM-2025-01660,S1,R1,2025-07-03,2025-07-20,17,Rejected,Kiosk
1661,PERM-2025-01661,S1,R1,2025-09-19,2025-09-20,1,Completed,Online Portal
1662,PERM-2023-01662,S3,R1,2023-08-30,,14,Under Review,Service Center
1663,PERM-2024-01663,S1,R2,2024-08-03,,22,Under Review,Service Center
1664,PERM-2024-01664,S1,R3,2024-11-17,2024-11-20,3,Completed,Mobile App
1665,PERM-2024-01665,S2,R2,2024-04-27,2024-04-29,2,Completed,Mobile App
1666,PERM-2024-01666,S1,R1,2024-11-03,2024-11-04,1,Completed,Online Portal
1667,PERM-2024-01667,S1,R1,2024-09-22,2024-09-25,3,Completed,Mobile App
1668,PERM-2024-01668,S3,R1,2024-10-22,2024-10-23,1,Completed,Online Portal
1669,PERM-2024-01669,S3,R1,2024-10-23,2024-10-25,2,Completed,Online Portal
1670,PERM-2025-01670,S4,R1,2025-03-15,2025-03-16,1,Completed,Mobile App
1671,PERM-2024-01671,S3,R2,2024-02-23,2024-02-24,1,Completed,Online Portal
1672,PERM-2025-01672,S2,R1,2025-09-14,2025-09-16,2,Completed,Mobile App
1673,PERM-2024-01673,S1,R1,2024-10-11,2024-10-13,2,Completed,Online Portal
1674,PERM-2025-01674,S3,R1,2025-08-26,2025-08-27,1,Completed,Online Portal
1675,PERM-2024-01675,S3,R2,2024-08-12,2024-08-13,1,Completed,Online Portal
1676,PERM-2024-01676,S3,R1,2024-05-23,2024-05-26,3,Completed,Online Portal
1677,PERM-2024-01677,S2,R2,2024-03-16,,3,Under Review,Online Portal
1678,PERM-2025-01678,S1,R1,2025-07-09,2025-07-12,3,Completed,Online Portal
1679,PERM-2025-01679,S3,R3,2025-02-08,2025-02-10,2,Completed,Online Portal
1680,PERM-2023-01680,S2,R3,2023-09-20,2023-10-15,25,Rejected,Service Center
1681,PERM-2024-01681,S5,R1,2024-09-28,2024-10-07,9,Completed,Online Portal
1682,PERM-2024-01682,S1,R1,2024-04-03,,1,Under Review,Mobile App
1683,PERM-2025-01683,S1,R1,2025-09-25,2025-09-27,2,Completed,Online Portal
1684,PERM-2024-01684,S1,R1,2024-11-30,2024-12-12,12,Completed,Service Center
1685,PERM-2023-01685,S3,R2,2023-10-29,2023-10-30,1,Completed,Online Portal
1686,PERM-2024-01686,S1,R3,2024-07-07,2024-07-09,2,Completed,Online Portal
1687,PERM-2023-01687,S1,R2,2023-10-15,2023-10-17,2,Completed,Mobile App
1688,PERM-2024-01688,S5,R3,2024-09-12,2024-09-22,10,Completed,Online Portal
1689,PERM-2025-01689,S1,R1,2025-10-02,2025-10-05,3,Completed,Mobile App
1690,PERM-2023-01690,S3,R1,2023-02-05,2023-02-07,2,Completed,Online Portal
1691,PERM-2025-01691,S2,R2,2025-01-13,2025-01-29,16,Completed,Kiosk
1692,PERM-2023-01692,S3,R1,2023-12-19,2023-12-20,1,Completed,Online Portal
1693,PERM-2023-01693,S2,R2,2023-03-14,2023-03-17,3,Completed,Online Portal
1694,PERM-2024-01694,S4,R1,2024-10-09,2024-10-10,1,Completed,Mobile App
1695,PERM-2025-01695,S5,R1,2025-12-29,,9,Under Review,Online Portal
1696,PERM-2024-01696,S1,R5,2024-02-29,2024-03-22,22,Completed,Service Center
1697,PERM-2025-01697,S1,R1,2025-09-25,2025-09-28,3,Completed,Online Portal
1698,PERM-2024-01698,S1,R5,2024-12-08,2024-12-10,2,Completed,Mobile App
1699,PERM-2024-01699,S2,R5,2024-07-14,,2,Under Review,Online Portal
1700,PERM-2025-01700,S4,R2,2025-04-07,2025-05-01,24,Rejected,Service Center
1701,PERM-2025-01701,S2,R2,2025-08-13,2025-08-15,2,Completed,Mobile App
1702,PERM-2024-01702,S2,R2,2024-05-31,2024-06-03,3,Completed,Online Portal
1703,PERM-2024-01703,S1,R3,2024-03-03,2024-03-06,3,Completed,Online Portal
1704,PERM-2023-01704,S3,R1,2023-06-09,2023-06-10,1,Completed,Online Portal
1705,PERM-2023-01705,S5,R1,2023-05-29,2023-06-19,21,Rejected,Kiosk
1706,PERM-2025-01706,S1,R2,2025-02-14,2025-02-17,3,Completed,Online Portal
1707,PERM-2023-01707,S2,R1,2023-03-08,2023-03-11,3,Completed,Online Portal
1708,PERM-2025-01708,S1,R1,2025-10-10,2025-10-12,2,Completed,Online Portal
1709,PERM-2024-01709,S2,R1,2024-01-16,2024-01-19,3,Completed,Online Portal
1710,PERM-2023-01710,S2,R2,2023-02-27,2023-03-01,2,Completed,Mobile App
1711,PERM-2023-01711,S1,R3,2023-12-08,2024-01-01,24,Completed,Kiosk
1712,PERM-2024-01712,S2,R1,2024-12-27,2024-12-28,1,Completed,Mobile App
1713,PERM-2025-01713,S2,R4,2025-02-08,,24,Under Review,Service Center
1714,PERM-2024-01714,S2,R2,2024-09-05,2024-09-08,3,Completed,Mobile App
1715,PERM-2023-01715,S2,R3,2023-12-20,2023-12-21,1,Completed,Online Portal
1716,PERM-2023-01716,S1,R2,2023-04-26,2023-04-27,1,Completed,Online Portal
1717,PERM-2024-01717,S3,R2,2024-10-23,2024-10-24,1,Completed,Mobile App
1718,PERM-2024-01718,S2,R1,2024-03-28,,14,Under Review,Kiosk
1719,PERM-2023-01719,S2,R3,2023-10-14,2023-11-04,21,Rejected,Service Center
1720,PERM-2025-01720,S1,R1,2025-10-13,2025-10-15,2,Completed,Online Portal
1721,PERM-2023-01721,S3,R3,2023-11-07,2023-11-10,3,Completed,Online Portal
1722,PERM-2023-01722,S5,R5,2023-07-27,,11,Under Review,Online Portal
1723,PERM-2024-01723,S1,R1,2024-09-09,2024-09-23,14,Rejected,Service Center
1724,PERM-2024-01724,S2,R1,2024-03-21,2024-04-04,14,Completed,Service Center
1725,PERM-2024-01725,S1,R2,2024-10-31,,1,Under Review,Mobile App
1726,PERM-2024-01726,S2,R1,2024-09-24,2024-09-27,3,Completed,Online Portal
1727,PERM-2023-01727,S1,R3,2023-02-24,2023-02-27,3,Completed,Mobile App
1728,PERM-2025-01728,S2,R1,2025-06-30,2025-07-01,1,Completed,Online Portal
1729,PERM-2025-01729,S2,R1,2025-11-01,2025-11-02,1,Completed,Online Portal
1730,PERM-2024-01730,S2,R5,2024-10-18,,2,Under Review,Mobile App
1731,PERM-2025-01731,S2,R2,2025-09-06,2025-09-09,3,Completed,Online Portal
1732,PERM-2024-01732,S2,R3,2024-05-29,2024-05-30,1,Completed,Online Portal
1733,PERM-2023-01733,S2,R1,2023-08-25,2023-09-14,20,Completed,Service Center
1734,PERM-2023-01734,S1,R2,2023-12-14,2023-12-17,3,Completed,Mobile App
1735,PERM-2024-01735,S1,R2,2024-09-18,2024-09-19,1,Completed,Online Portal
1736,PERM-2024-01736,S4,R2,2024-09-21,2024-09-22,1,Completed,Mobile App
1737,PERM-2023-01737,S1,R2,2023-12-30,2024-01-01,2,Completed,Online Portal
1738,PERM-2023-01738,S2,R2,2023-11-17,2023-11-19,2,Completed,Mobile App
1739,PERM-2023-01739,S5,R1,2023-10-13,2023-10-22,9,Completed,Mobile App
1740,PERM-2023-01740,S1,R1,2023-05-29,2023-05-30,1,Completed,Mobile App
1741,PERM-2024-01741,S2,R2,2024-02-10,2024-02-11,1,Completed,Mobile App
1742,PERM-2025-01742,S2,R1,2025-09-04,2025-09-07,3,Completed,Online Portal
1743,PERM-2024-01743,S4,R2,2024-03-31,2024-04-01,1,Completed,Online Portal
1744,PERM-2025-01744,S5,R1,2025-03-10,2025-03-21,11,Completed,Online Portal
1745,PERM-2025-01745,S2,R2,2025-10-09,2025-10-12,3,Completed,Online Portal
1746,PERM-2025-01746,S1,R2,2025-02-22,2025-02-25,3,Completed,Mobile App
1747,PERM-2024-01747,S2,R1,2024-04-04,2024-04-06,2,Completed,Online Portal
1748,PERM-2025-01748,S2,R1,2025-01-07,2025-01-08,1,Completed,Online Portal
1749,PERM-2024-01749,S2,R1,2024-05-23,2024-05-25,2,Completed,Online Portal
1750,PERM-2024-01750,S1,R2,2024-04-25,2024-05-20,25,Rejected,Kiosk
1751,PERM-2023-01751,S1,R3,2023-04-24,2023-04-25,1,Completed,Online Portal
1752,PERM-2025-01752,S3,R1,2025-01-18,2025-01-20,2,Completed,Mobile App
1753,PERM-2023-01753,S2,R2,2023-12-27,2023-12-30,3,Completed,Online Portal
1754,PERM-2023-01754,S2,R1,2023-12-07,2023-12-08,1,Completed,Online Portal
1755,PERM-2025-01755,S2,R1,2025-02-08,2025-02-09,1,Completed,Online Portal
1756,PERM-2025-01756,S3,R4,2025-01-30,2025-02-01,2,Completed,Mobile App
1757,PERM-2025-01757,S2,R1,2025-08-26,2025-08-28,2,Completed,Mobile App
1758,PERM-2024-01758,S1,R1,2024-03-24,2024-04-10,17,Rejected,Service Center
1759,PERM-2025-01759,S1,R1,2025-04-14,2025-04-16,2,Completed,Online Portal
1760,PERM-2023-01760,S1,R1,2023-11-07,2023-11-08,1,Completed,Online Portal
1761,PERM-2023-01761,S5,R1,2023-09-19,2023-10-21,32,Rejected,Service Center
1762,PERM-2024-01762,S2,R1,2024-02-10,2024-02-11,1,Completed,Online Portal
1763,PERM-2023-01763,S2,R2,2023-05-23,2023-05-26,3,Completed,Mobile App
1764,PERM-2023-01764,S2,R1,2023-12-08,2023-12-11,3,Completed,Mobile App
1765,PERM-2023-01765,S2,R1,2023-09-01,2023-09-02,1,Completed,Online Portal
1766,PERM-2024-01766,S3,R1,2024-05-04,2024-05-05,1,Completed,Mobile App
1767,PERM-2023-01767,S2,R1,2023-01-12,2023-01-14,2,Completed,Online Portal
1768,PERM-2024-01768,S1,R2,2024-07-14,2024-07-17,3,Completed,Online Portal
1769,PERM-2023-01769,S1,R5,2023-02-11,2023-02-12,1,Completed,Online Portal
1770,PERM-2024-01770,S2,R1,2024-11-08,2024-11-25,17,Rejected,Service Center
1771,PERM-2024-01771,S5,R3,2024-08-16,2024-08-25,9,Completed,Online Portal
1772,PERM-2023-01772,S2,R2,2023-05-14,2023-05-17,3,Completed,Mobile App
1773,PERM-2025-01773,S3,R2,2025-12-26,2026-01-19,24,Completed,Service Center
1774,PERM-2025-01774,S3,R1,2025-10-27,2025-10-30,3,Completed,Mobile App
1775,PERM-2025-01775,S1,R1,2025-08-05,2025-08-08,3,Completed,Mobile App
1776,PERM-2023-01776,S1,R1,2023-03-14,2023-03-16,2,Completed,Online Portal
1777,PERM-2024-01777,S1,R2,2024-02-03,2024-02-05,2,Completed,Online Portal
1778,PERM-2024-01778,S2,R1,2024-07-31,2024-08-01,1,Completed,Online Portal
1779,PERM-2025-01779,S1,R4,2025-05-08,2025-05-09,1,Rejected,Mobile App
1780,PERM-2023-01780,S2,R1,2023-05-10,2023-06-04,25,Rejected,Kiosk
1781,PERM-2025-01781,S2,R1,2025-07-19,2025-08-01,13,Rejected,Service Center
1782,PERM-2023-01782,S2,R2,2023-09-23,2023-10-08,15,Completed,Service Center
1783,PERM-2025-01783,S1,R1,2025-03-03,2025-03-21,18,Rejected,Service Center
1784,PERM-2023-01784,S2,R1,2023-09-10,2023-09-13,3,Completed,Online Portal
1785,PERM-2025-01785,S2,R2,2025-04-01,2025-04-04,3,Completed,Mobile App
1786,PERM-2023-01786,S2,R4,2023-06-13,,15,Under Review,Service Center
1787,PERM-2023-01787,S3,R2,2023-04-05,2023-04-08,3,Completed,Online Portal
1788,PERM-2025-01788,S1,R2,2025-04-12,2025-05-04,22,Completed,Kiosk
1789,PERM-2023-01789,S3,R2,2023-12-02,2023-12-04,2,Completed,Online Portal
1790,PERM-2025-01790,S2,R4,2025-04-01,2025-04-04,3,Completed,Mobile App
1791,PERM-2023-01791,S2,R1,2023-08-26,2023-08-29,3,Completed,Mobile App
1792,PERM-2024-01792,S2,R1,2024-01-16,2024-02-04,19,Completed,Kiosk
1793,PERM-2025-01793,S2,R1,2025-06-17,2025-06-18,1,Completed,Online Portal
1794,PERM-2024-01794,S1,R1,2024-04-27,2024-04-30,3,Completed,Mobile App
1795,PERM-2025-01795,S2,R2,2025-06-20,2025-06-22,2,Completed,Mobile App
1796,PERM-2025-01796,S2,R2,2025-11-14,2025-11-17,3,Completed,Online Portal
1797,PERM-2024-01797,S2,R2,2024-04-26,2024-04-27,1,Completed,Mobile App
1798,PERM-2025-01798,S2,R1,2025-07-05,2025-07-08,3,Completed,Mobile App
1799,PERM-2025-01799,S4,R2,2025-09-20,2025-09-22,2,Completed,Mobile App
1800,PERM-2025-01800,S2,R1,2025-08-21,2025-08-24,3,Completed,Online Portal
1801,PERM-2024-01801,S1,R2,2024-06-20,2024-06-21,1,Completed,Online Portal
1802,PERM-2025-01802,S2,R2,2025-11-01,,2,Under Review,Mobile App
1803,PERM-2023-01803,S3,R1,2023-05-08,2023-05-09,1,Completed,Online Portal
1804,PERM-2023-01804,S3,R1,2023-04-02,2023-04-05,3,Completed,Online Portal
1805,PERM-2024-01805,S2,R1,2024-06-26,2024-07-15,19,Rejected,Kiosk
1806,PERM-2025-01806,S4,R3,2025-04-25,2025-04-26,1,Completed,Mobile App
1807,PERM-2025-01807,S1,R4,2025-09-15,2025-09-16,1,Completed,Mobile App
1808,PERM-2024-01808,S2,R2,2024-03-22,2024-03-25,3,Completed,Online Portal
1809,PERM-2024-01809,S4,R1,2024-01-25,2024-01-28,3,Completed,Online Portal
1810,PERM-2024-01810,S4,R1,2024-11-02,2024-11-03,1,Completed,Online Portal
1811,PERM-2023-01811,S2,R2,2023-02-12,2023-02-15,3,Completed,Online Portal
1812,PERM-2023-01812,S3,R2,2023-09-11,2023-09-12,1,Completed,Mobile App
1813,PERM-2025-01813,S1,R1,2025-12-19,2025-12-20,1,Completed,Mobile App
1814,PERM-2024-01814,S3,R1,2024-10-24,2024-10-26,2,Completed,Online Portal
1815,PERM-2024-01815,S2,R2,2024-04-11,2024-04-13,2,Completed,Online Portal
1816,PERM-2023-01816,S1,R1,2023-10-14,2023-10-17,3,Completed,Online Portal
1817,PERM-2025-01817,S1,R1,2025-10-07,2025-10-09,2,Completed,Online Portal
1818,PERM-2025-01818,S2,R1,2025-02-16,2025-02-19,3,Completed,Online Portal
1819,PERM-2023-01819,S1,R1,2023-12-11,2023-12-24,13,Rejected,Service Center
1820,PERM-2024-01820,S2,R3,2024-10-03,2024-10-06,3,Completed,Mobile App
1821,PERM-2024-01821,S1,R4,2024-01-17,2024-01-18,1,Completed,Mobile App
1822,PERM-2024-01822,S1,R2,2024-11-20,2024-11-23,3,Completed,Online Portal
1823,PERM-2025-01823,S2,R1,2025-12-15,,23,Under Review,Service Center
1824,PERM-2024-01824,S2,R1,2024-04-01,2024-04-03,2,Completed,Mobile App
1825,PERM-2025-01825,S2,R1,2025-09-09,2025-09-12,3,Completed,Mobile App
1826,PERM-2023-01826,S2,R1,2023-03-24,2023-03-26,2,Completed,Online Portal
1827,PERM-2023-01827,S4,R2,2023-05-29,2023-06-16,18,Rejected,Kiosk
1828,PERM-2023-01828,S3,R1,2023-07-09,2023-07-30,21,Rejected,Service Center
1829,PERM-2025-01829,S2,R1,2025-06-01,2025-06-24,23,Completed,Service Center
1830,PERM-2023-01830,S2,R1,2023-09-20,2023-09-21,1,Completed,Online Portal
1831,PERM-2024-01831,S1,R1,2024-02-04,2024-02-05,1,Completed,Online Portal
1832,PERM-2025-01832,S1,R1,2025-02-02,2025-02-04,2,Completed,Online Portal
1833,PERM-2024-01833,S2,R1,2024-08-31,2024-09-01,1,Rejected,Online Portal
1834,PERM-2025-01834,S3,R5,2025-02-23,2025-03-16,21,Rejected,Service Center
1835,PERM-2023-01835,S1,R1,2023-04-11,2023-04-13,2,Completed,Online Portal
1836,PERM-2025-01836,S1,R1,2025-03-30,2025-04-02,3,Completed,Online Portal
1837,PERM-2025-01837,S1,R3,2025-03-30,,2,Under Review,Online Portal
1838,PERM-2024-01838,S3,R5,2024-02-24,,1,Under Review,Online Portal
1839,PERM-2023-01839,S2,R2,2023-05-04,2023-05-06,2,Completed,Online Portal
1840,PERM-2024-01840,S1,R3,2024-02-26,2024-02-28,2,Completed,Mobile App
1841,PERM-2025-01841,S2,R1,2025-12-22,2025-12-24,2,Completed,Mobile App
1842,PERM-2025-01842,S2,R1,2025-02-06,2025-02-09,3,Completed,Online Portal
1843,PERM-2024-01843,S2,R1,2024-04-27,2024-04-28,1,Completed,Online Portal
1844,PERM-2024-01844,S1,R2,2024-06-02,2024-06-05,3,Completed,Online Portal
1845,PERM-2023-01845,S3,R2,2023-06-04,2023-06-06,2,Completed,Online Portal
1846,PERM-2023-01846,S2,R1,2023-04-02,2023-04-04,2,Completed,Mobile App
1847,PERM-2025-01847,S2,R1,2025-09-08,2025-09-09,1,Completed,Mobile App
1848,PERM-2024-01848,S1,R2,2024-03-30,2024-04-01,2,Completed,Mobile App
1849,PERM-2024-01849,S2,R1,2024-08-20,2024-08-22,2,Completed,Mobile App
1850,PERM-2024-01850,S2,R2,2024-05-24,2024-05-27,3,Completed,Online Portal
1851,PERM-2024-01851,S2,R2,2024-01-21,2024-02-10,20,Rejected,Kiosk
1852,PERM-2024-01852,S1,R2,2024-02-09,2024-03-03,23,Completed,Service Center
1853,PERM-2023-01853,S3,R2,2023-09-03,,16,Under Review,Service Center
1854,PERM-2025-01854,S1,R3,2025-01-11,2025-01-12,1,Completed,Online Portal
1855,PERM-2024-01855,S2,R1,2024-10-22,,22,Under Review,Service Center
1856,PERM-2024-01856,S3,R2,2024-10-11,2024-10-28,17,Rejected,Service Center
1857,PERM-2025-01857,S2,R2,2025-06-19,2025-07-05,16,Completed,Service Center
1858,PERM-2023-01858,S2,R1,2023-03-06,2023-03-07,1,Completed,Online Portal
1859,PERM-2025-01859,S2,R1,2025-11-02,2025-11-04,2,Completed,Mobile App
1860,PERM-2023-01860,S2,R1,2023-08-01,2023-08-13,12,Rejected,Kiosk
1861,PERM-2023-01861,S3,R1,2023-08-30,2023-09-01,2,Rejected,Mobile App
1862,PERM-2024-01862,S1,R2,2024-05-07,2024-05-08,1,Completed,Mobile App
1863,PERM-2023-01863,S2,R3,2023-12-04,2023-12-20,16,Completed,Service Center
1864,PERM-2023-01864,S2,R1,2023-06-22,2023-06-24,2,Completed,Online Portal
1865,PERM-2024-01865,S2,R1,2024-11-02,2024-11-05,3,Completed,Mobile App
1866,PERM-2023-01866,S2,R5,2023-06-13,2023-06-16,3,Rejected,Online Portal
1867,PERM-2024-01867,S2,R1,2024-04-09,2024-04-27,18,Completed,Service Center
1868,PERM-2025-01868,S3,R1,2025-09-21,2025-09-22,1,Completed,Online Portal
1869,PERM-2024-01869,S5,R2,2024-05-11,2024-05-20,9,Completed,Mobile App
1870,PERM-2024-01870,S2,R1,2024-11-30,2024-12-01,1,Rejected,Mobile App
1871,PERM-2024-01871,S2,R1,2024-01-30,2024-02-01,2,Completed,Mobile App
1872,PERM-2024-01872,S4,R1,2024-12-03,2024-12-04,1,Completed,Mobile App
1873,PERM-2023-01873,S1,R1,2023-11-04,2023-11-18,14,Completed,Service Center
1874,PERM-2023-01874,S1,R2,2023-07-02,2023-07-15,13,Completed,Service Center
1875,PERM-2024-01875,S2,R1,2024-09-20,2024-09-23,3,Completed,Online Portal
1876,PERM-2024-01876,S3,R1,2024-05-24,2024-05-26,2,Completed,Online Portal
1877,PERM-2024-01877,S3,R2,2024-06-29,2024-07-01,2,Completed,Online Portal
1878,PERM-2024-01878,S2,R3,2024-09-15,2024-09-17,2,Completed,Online Portal
1879,PERM-2024-01879,S1,R1,2024-08-16,2024-08-19,3,Completed,Mobile App
1880,PERM-2025-01880,S2,R1,2025-01-13,2025-01-27,14,Rejected,Service Center
1881,PERM-2024-01881,S1,R2,2024-07-07,2024-07-29,22,Rejected,Service Center
1882,PERM-2023-01882,S1,R1,2023-01-21,2023-01-23,2,Completed,Online Portal
1883,PERM-2024-01883,S3,R1,2024-07-07,,1,Under Review,Online Portal
1884,PERM-2024-01884,S1,R2,2024-02-01,2024-02-03,2,Completed,Mobile App
1885,PERM-2024-01885,S3,R3,2024-09-16,2024-09-17,1,Completed,Mobile App
1886,PERM-2023-01886,S2,R3,2023-04-15,2023-04-16,1,Rejected,Online Portal
1887,PERM-2023-01887,S2,R2,2023-07-11,2023-07-24,13,Rejected,Service Center
1888,PERM-2023-01888,S1,R2,2023-01-17,2023-02-01,15,Completed,Service Center
1889,PERM-2024-01889,S2,R1,2024-01-28,2024-01-30,2,Completed,Online Portal
1890,PERM-2024-01890,S1,R2,2024-02-29,2024-03-17,17,Rejected,Service Center
1891,PERM-2023-01891,S5,R1,2023-05-09,2023-05-20,11,Completed,Online Portal
1892,PERM-2024-01892,S3,R1,2024-07-25,2024-07-26,1,Completed,Mobile App
1893,PERM-2023-01893,S2,R2,2023-01-29,2023-01-30,1,Completed,Online Portal
1894,PERM-2025-01894,S1,R2,2025-10-30,2025-11-01,2,Completed,Online Portal
1895,PERM-2023-01895,S5,R1,2023-08-30,2023-09-23,24,Completed,Service Center
1896,PERM-2023-01896,S2,R4,2023-08-20,2023-08-22,2,Completed,Online Portal
1897,PERM-2025-01897,S1,R1,2025-02-27,2025-03-01,2,Completed,Mobile App
1898,PERM-2024-01898,S2,R1,2024-12-15,2024-12-16,1,Completed,Online Portal
1899,PERM-2025-01899,S5,R1,2025-01-28,2025-02-07,10,Completed,Online Portal
1900,PERM-2025-01900,S1,R2,2025-03-12,2025-03-15,3,Completed,Online Portal
1901,PERM-2025-01901,S1,R2,2025-02-14,2025-02-16,2,Completed,Online Portal
1902,PERM-2024-01902,S5,R1,2024-12-26,2025-01-06,11,Completed,Mobile App
1903,PERM-2023-01903,S1,R2,2023-07-19,2023-07-21,2,Completed,Online Portal
1904,PERM-2025-01904,S1,R1,2025-08-02,2025-08-03,1,Completed,Mobile App
1905,PERM-2023-01905,S2,R2,2023-03-20,2023-03-21,1,Completed,Mobile App
1906,PERM-2025-01906,S3,R1,2025-08-13,2025-08-15,2,Completed,Mobile App
1907,PERM-2025-01907,S2,R1,2025-05-05,2025-05-06,1,Completed,Online Portal
1908,PERM-2024-01908,S5,R4,2024-04-11,2024-05-01,20,Rejected,Service Center
1909,PERM-2024-01909,S2,R1,2024-08-03,2024-08-04,1,Completed,Online Portal
1910,PERM-2025-01910,S1,R1,2025-07-28,2025-07-31,3,Completed,Online Portal
1911,PERM-2024-01911,S5,R2,2024-03-24,2024-04-04,11,Completed,Online Portal
1912,PERM-2023-01912,S2,R5,2023-03-28,,1,Under Review,Online Portal
1913,PERM-2023-01913,S1,R1,2023-04-11,2023-04-12,1,Completed,Online Portal
1914,PERM-2025-01914,S2,R1,2025-10-28,2025-10-29,1,Completed,Mobile App
1915,PERM-2025-01915,S2,R1,2025-04-24,2025-04-26,2,Completed,Online Portal
1916,PERM-2023-01916,S1,R1,2023-03-28,2023-03-30,2,Completed,Online Portal
1917,PERM-2023-01917,S1,R1,2023-02-12,2023-02-13,1,Completed,Mobile App
1918,PERM-2024-01918,S2,R2,2024-02-12,2024-02-15,3,Completed,Online Portal
1919,PERM-2024-01919,S3,R5,2024-10-25,2024-10-27,2,Completed,Online Portal
1920,PERM-2025-01920,S2,R1,2025-11-06,2025-11-09,3,Completed,Online Portal
1921,PERM-2023-01921,S5,R1,2023-05-28,2023-06-08,11,Completed,Mobile App
1922,PERM-2023-01922,S1,R1,2023-10-04,2023-10-05,1,Completed,Online Portal
1923,PERM-2023-01923,S1,R1,2023-08-20,2023-08-22,2,Completed,Online Portal
1924,PERM-2024-01924,S1,R3,2024-01-01,2024-01-02,1,Completed,Mobile App
1925,PERM-2024-01925,S1,R1,2024-03-11,2024-03-13,2,Completed,Mobile App
1926,PERM-2024-01926,S1,R1,2024-02-03,2024-02-05,2,Completed,Mobile App
1927,PERM-2024-01927,S3,R2,2024-05-13,,23,Under Review,Service Center
1928,PERM-2024-01928,S4,R1,2024-06-23,2024-06-24,1,Completed,Online Portal
1929,PERM-2024-01929,S5,R2,2024-07-16,2024-07-25,9,Completed,Online Portal
1930,PERM-2024-01930,S1,R1,2024-03-17,2024-03-19,2,Completed,Online Portal
1931,PERM-2025-01931,S4,R3,2025-02-11,2025-02-12,1,Completed,Online Portal
1932,PERM-2023-01932,S2,R4,2023-12-16,2023-12-18,2,Completed,Online Portal
1933,PERM-2024-01933,S1,R2,2024-06-03,2024-06-06,3,Completed,Online Portal
1934,PERM-2023-01934,S4,R4,2023-05-18,2023-05-21,3,Completed,Mobile App
1935,PERM-2025-01935,S2,R1,2025-09-18,2025-09-21,3,Completed,Mobile App
1936,PERM-2024-01936,S1,R1,2024-01-03,2024-01-05,2,Completed,Online Portal
1937,PERM-2023-01937,S2,R2,2023-12-26,2023-12-27,1,Completed,Mobile App
1938,PERM-2025-01938,S1,R2,2025-07-09,2025-07-12,3,Completed,Online Portal
1939,PERM-2023-01939,S2,R1,2023-11-25,2023-11-27,2,Completed,Online Portal
1940,PERM-2025-01940,S2,R1,2025-08-19,2025-08-22,3,Completed,Mobile App
1941,PERM-2024-01941,S5,R1,2024-04-07,2024-04-17,10,Rejected,Online Portal
1942,PERM-2025-01942,S1,R1,2025-08-03,2025-08-06,3,Completed,Online Portal
1943,PERM-2025-01943,S2,R1,2025-08-20,2025-08-21,1,Completed,Online Portal
1944,PERM-2025-01944,S2,R2,2025-04-15,2025-04-28,13,Completed,Service Center
1945,PERM-2023-01945,S2,R1,2023-06-18,2023-06-19,1,Completed,Mobile App
1946,PERM-2023-01946,S2,R1,2023-08-05,2023-08-07,2,Completed,Online Portal
1947,PERM-2024-01947,S2,R2,2024-01-13,2024-01-30,17,Rejected,Service Center
1948,PERM-2023-01948,S4,R2,2023-04-29,2023-04-30,1,Completed,Mobile App
1949,PERM-2023-01949,S5,R3,2023-07-09,2023-07-19,10,Completed,Mobile App
1950,PERM-2025-01950,S3,R2,2025-02-05,2025-02-22,17,Rejected,Service Center
1951,PERM-2024-01951,S3,R1,2024-01-05,,3,Under Review,Online Portal
1952,PERM-2023-01952,S2,R3,2023-05-29,2023-05-30,1,Completed,Online Portal
1953,PERM-2024-01953,S3,R1,2024-10-13,2024-10-14,1,Completed,Mobile App
1954,PERM-2025-01954,S2,R1,2025-02-08,2025-02-10,2,Completed,Mobile App
1955,PERM-2024-01955,S2,R2,2024-01-09,2024-01-11,2,Completed,Mobile App
1956,PERM-2025-01956,S2,R4,2025-02-19,2025-02-20,1,Completed,Mobile App
1957,PERM-2023-01957,S2,R1,2023-06-09,2023-06-30,21,Rejected,Service Center
1958,PERM-2023-01958,S1,R1,2023-12-17,2023-12-31,14,Rejected,Service Center
1959,PERM-2025-01959,S5,R1,2025-06-10,2025-07-06,26,Completed,Service Center
1960,PERM-2024-01960,S2,R1,2024-06-06,2024-06-19,13,Rejected,Service Center
1961,PERM-2024-01961,S1,R1,2024-06-05,2024-06-17,12,Completed,Service Center
1962,PERM-2025-01962,S2,R2,2025-02-21,2025-02-23,2,Completed,Online Portal
1963,PERM-2023-01963,S1,R1,2023-09-30,,3,Under Review,Online Portal
1964,PERM-2025-01964,S1,R4,2025-07-24,2025-07-25,1,Completed,Online Portal
1965,PERM-2023-01965,S1,R2,2023-07-02,,21,Under Review,Service Center
1966,PERM-2024-01966,S2,R2,2024-05-02,2024-05-04,2,Completed,Mobile App
1967,PERM-2025-01967,S2,R3,2025-04-25,2025-04-28,3,Completed,Mobile App
1968,PERM-2023-01968,S3,R1,2023-05-04,2023-05-06,2,Completed,Online Portal
1969,PERM-2025-01969,S2,R1,2025-09-11,2025-09-14,3,Completed,Online Portal
1970,PERM-2025-01970,S2,R2,2025-02-28,2025-03-01,1,Completed,Mobile App
1971,PERM-2024-01971,S2,R3,2024-02-18,2024-02-19,1,Completed,Online Portal
1972,PERM-2024-01972,S2,R2,2024-11-16,,3,Under Review,Online Portal
1973,PERM-2023-01973,S3,R1,2023-04-23,2023-04-26,3,Completed,Online Portal
1974,PERM-2025-01974,S1,R4,2025-06-06,2025-06-08,2,Completed,Online Portal
1975,PERM-2023-01975,S1,R1,2023-05-02,2023-05-04,2,Completed,Mobile App
1976,PERM-2023-01976,S3,R3,2023-02-08,2023-02-11,3,Completed,Online Portal
1977,PERM-2024-01977,S2,R5,2024-05-11,,3,Under Review,Mobile App
1978,PERM-2025-01978,S1,R1,2025-02-18,2025-02-19,1,Completed,Online Portal
1979,PERM-2025-01979,S1,R2,2025-07-31,2025-08-21,21,Completed,Service Center
1980,PERM-2023-01980,S5,R1,2023-05-29,2023-06-09,11,Completed,Online Portal
1981,PERM-2025-01981,S3,R1,2025-10-18,2025-10-20,2,Completed,Mobile App
1982,PERM-2024-01982,S2,R1,2024-10-22,2024-10-23,1,Completed,Mobile App
1983,PERM-2023-01983,S2,R2,2023-10-29,2023-11-01,3,Completed,Online Portal
1984,PERM-2023-01984,S2,R4,2023-08-26,2023-09-07,12,Completed,Service Center
1985,PERM-2024-01985,S5,R2,2024-10-08,2024-10-17,9,Completed,Mobile App
1986,PERM-2024-01986,S5,R1,2024-10-24,2024-11-03,10,Completed,Online Portal
1987,PERM-2023-01987,S1,R3,2023-08-24,2023-08-26,2,Completed,Online Portal
1988,PERM-2023-01988,S3,R4,2023-07-22,,25,Under Review,Service Center
1989,PERM-2023-01989,S1,R1,2023-09-13,2023-09-14,1,Completed,Mobile App
1990,PERM-2024-01990,S1,R5,2024-08-20,2024-08-21,1,Completed,Online Portal
1991,PERM-2024-01991,S2,R1,2024-10-23,2024-10-24,1,Completed,Online Portal
1992,PERM-2023-01992,S2,R3,2023-08-23,2023-09-10,18,Completed,Service Center
1993,PERM-2024-01993,S5,R1,2024-06-17,2024-06-27,10,Completed,Mobile App
1994,PERM-2025-01994,S1,R1,2025-05-09,2025-05-11,2,Completed,Mobile App
1995,PERM-2025-01995,S2,R1,2025-02-08,,2,Under Review,Online Portal
1996,PERM-2024-01996,S4,R2,2024-06-24,2024-06-25,1,Completed,Mobile App
1997,PERM-2023-01997,S4,R1,2023-08-01,2023-08-03,2,Completed,Online Portal
1998,PERM-2024-01998,S1,R1,2024-04-07,2024-04-09,2,Rejected,Online Portal
1999,PERM-2024-01999,S2,R2,2024-03-11,2024-03-13,2,Completed,Mobile App
2000,PERM-2023-02000,S2,R4,2023-10-10,2023-10-30,20,Completed,Kiosk
2001,PERM-2023-02001,S1,R1,2023-03-29,2023-04-01,3,Completed,Online Portal
2002,PERM-2025-02002,S5,R1,2025-12-03,2025-12-13,10,Completed,Online Portal
2003,PERM-2024-02003,S4,R1,2024-04-05,2024-04-08,3,Completed,Mobile App
2004,PERM-2023-02004,S1,R1,2023-10-05,2023-10-08,3,Completed,Mobile App
2005,PERM-2024-02005,S1,R3,2024-02-25,2024-03-08,12,Completed,Service Center
2006,PERM-2024-02006,S1,R3,2024-11-26,2024-11-27,1,Completed,Mobile App
2007,PERM-2024-02007,S4,R2,2024-05-29,2024-06-01,3,Completed,Online Portal
2008,PERM-2024-02008,S1,R1,2024-12-03,2024-12-24,21,Completed,Kiosk
2009,PERM-2023-02009,S2,R2,2023-01-19,2023-01-22,3,Completed,Mobile App
2010,PERM-2023-02010,S2,R2,2023-01-23,,25,Under Review,Service Center
2011,PERM-2024-02011,S2,R3,2024-02-17,2024-02-19,2,Completed,Mobile App
2012,PERM-2025-02012,S1,R2,2025-11-19,2025-12-10,21,Completed,Service Center
2013,PERM-2023-02013,S1,R2,2023-04-18,2023-04-19,1,Completed,Online Portal
2014,PERM-2023-02014,S5,R2,2023-05-16,2023-05-26,10,Completed,Online Portal
2015,PERM-2023-02015,S4,R1,2023-12-28,2024-01-10,13,Completed,Service Center
2016,PERM-2023-02016,S3,R4,2023-05-09,2023-05-10,1,Completed,Online Portal
2017,PERM-2024-02017,S1,R1,2024-05-29,2024-05-31,2,Completed,Online Portal
2018,PERM-2024-02018,S2,R2,2024-03-24,2024-03-25,1,Rejected,Mobile App
2019,PERM-2025-02019,S2,R1,2025-05-23,2025-06-13,21,Rejected,Service Center
2020,PERM-2024-02020,S1,R2,2024-04-17,2024-04-18,1,Completed,Online Portal
2021,PERM-2025-02021,S4,R2,2025-10-30,2025-11-13,14,Completed,Service Center
2022,PERM-2023-02022,S2,R1,2023-10-29,2023-11-01,3,Completed,Mobile App
2023,PERM-2023-02023,S1,R1,2023-08-19,2023-08-21,2,Completed,Mobile App
2024,PERM-2025-02024,S4,R2,2025-07-11,,17,Under Review,Service Center
2025,PERM-2025-02025,S5,R2,2025-12-25,2026-01-04,10,Completed,Online Portal
2026,PERM-2025-02026,S1,R1,2025-07-25,2025-07-26,1,Completed,Online Portal
2027,PERM-2023-02027,S2,R1,2023-04-22,,2,Under Review,Online Portal
2028,PERM-2025-02028,S2,R2,2025-11-02,2025-11-03,1,Completed,Mobile App
2029,PERM-2024-02029,S2,R1,2024-05-14,2024-05-16,2,Completed,Mobile App
2030,PERM-2025-02030,S1,R1,2025-07-20,2025-08-01,12,Completed,Service Center
2031,PERM-2024-02031,S2,R1,2024-08-20,2024-08-23,3,Completed,Mobile App
2032,PERM-2023-02032,S5,R1,2023-08-22,2023-09-01,10,Completed,Mobile App
2033,PERM-2024-02033,S2,R1,2024-08-24,2024-08-25,1,Completed,Mobile App
2034,PERM-2023-02034,S1,R1,2023-11-10,2023-11-12,2,Completed,Online Portal
2035,PERM-2024-02035,S2,R1,2024-07-19,2024-07-20,1,Completed,Online Portal
2036,PERM-2025-02036,S2,R1,2025-11-01,,18,Under Review,Service Center
2037,PERM-2023-02037,S3,R1,2023-07-28,2023-07-31,3,Completed,Online Portal
2038,PERM-2025-02038,S2,R1,2025-11-03,2025-11-06,3,Completed,Online Portal
2039,PERM-2025-02039,S1,R1,2025-11-09,2025-11-11,2,Completed,Mobile App
2040,PERM-2024-02040,S1,R3,2024-08-09,2024-08-12,3,Completed,Online Portal
2041,PERM-2025-02041,S3,R1,2025-10-11,2025-10-30,19,Completed,Service Center
2042,PERM-2025-02042,S1,R1,2025-12-29,2025-12-30,1,Completed,Online Portal
2043,PERM-2024-02043,S3,R1,2024-11-28,2024-12-01,3,Completed,Online Portal
2044,PERM-2023-02044,S1,R1,2023-05-12,2023-05-14,2,Completed,Online Portal
2045,PERM-2025-02045,S2,R2,2025-11-09,2025-11-12,3,Completed,Mobile App
2046,PERM-2024-02046,S2,R2,2024-06-19,2024-06-22,3,Completed,Online Portal
2047,PERM-2025-02047,S5,R3,2025-10-10,2025-10-19,9,Completed,Mobile App
2048,PERM-2023-02048,S5,R2,2023-08-15,2023-09-17,33,Rejected,Service Center
2049,PERM-2025-02049,S1,R4,2025-04-01,,23,Under Review,Service Center
2050,PERM-2025-02050,S2,R1,2025-05-20,2025-05-21,1,Completed,Online Portal
2051,PERM-2024-02051,S1,R1,2024-02-09,2024-02-12,3,Completed,Online Portal
2052,PERM-2023-02052,S2,R1,2023-07-21,,3,Under Review,Mobile App
2053,PERM-2023-02053,S2,R1,2023-02-07,,13,Under Review,Service Center
2054,PERM-2025-02054,S4,R1,2025-07-30,2025-08-23,24,Rejected,Kiosk
2055,PERM-2023-02055,S5,R2,2023-07-07,2023-07-17,10,Completed,Online Portal
2056,PERM-2025-02056,S2,R1,2025-12-16,2025-12-17,1,Completed,Mobile App
2057,PERM-2025-02057,S2,R4,2025-07-29,2025-07-30,1,Completed,Online Portal
2058,PERM-2025-02058,S4,R3,2025-11-09,,1,Under Review,Online Portal
2059,PERM-2023-02059,S3,R1,2023-09-30,2023-10-01,1,Completed,Online Portal
2060,PERM-2024-02060,S1,R1,2024-08-05,2024-08-08,3,Completed,Online Portal
2061,PERM-2024-02061,S2,R1,2024-05-30,2024-06-01,2,Completed,Online Portal
2062,PERM-2024-02062,S2,R1,2024-06-09,2024-06-12,3,Completed,Online Portal
2063,PERM-2023-02063,S1,R1,2023-12-02,2023-12-04,2,Completed,Mobile App
2064,PERM-2024-02064,S1,R1,2024-11-28,2024-11-29,1,Completed,Online Portal
2065,PERM-2025-02065,S1,R1,2025-12-14,2025-12-15,1,Completed,Mobile App
2066,PERM-2024-02066,S2,R1,2024-05-14,2024-05-16,2,Completed,Online Portal
2067,PERM-2025-02067,S1,R5,2025-06-18,2025-06-19,1,Completed,Online Portal
2068,PERM-2025-02068,S1,R2,2025-02-04,2025-02-05,1,Completed,Online Portal
2069,PERM-2024-02069,S1,R4,2024-06-19,2024-06-22,3,Completed,Online Portal
2070,PERM-2023-02070,S3,R1,2023-06-11,,2,Under Review,Mobile App
2071,PERM-2024-02071,S3,R1,2024-08-16,2024-08-19,3,Completed,Online Portal
2072,PERM-2023-02072,S2,R2,2023-06-08,2023-06-09,1,Completed,Mobile App
2073,PERM-2023-02073,S2,R1,2023-03-01,2023-03-02,1,Completed,Online Portal
2074,PERM-2025-02074,S5,R1,2025-07-03,2025-07-12,9,Completed,Mobile App
2075,PERM-2023-02075,S1,R2,2023-07-30,2023-08-02,3,Completed,Mobile App
2076,PERM-2024-02076,S1,R2,2024-02-10,2024-02-13,3,Completed,Online Portal
2077,PERM-2024-02077,S1,R1,2024-10-25,2024-10-27,2,Completed,Online Portal
2078,PERM-2024-02078,S1,R1,2024-06-25,2024-06-26,1,Completed,Online Portal
2079,PERM-2025-02079,S2,R1,2025-09-24,2025-09-27,3,Completed,Mobile App
2080,PERM-2025-02080,S4,R1,2025-07-15,2025-07-16,1,Completed,Online Portal
2081,PERM-2025-02081,S2,R1,2025-05-17,2025-05-19,2,Completed,Mobile App
2082,PERM-2023-02082,S2,R1,2023-01-19,2023-01-22,3,Completed,Mobile App
2083,PERM-2024-02083,S5,R1,2024-03-07,2024-03-29,22,Completed,Service Center
2084,PERM-2025-02084,S1,R4,2025-01-09,2025-01-11,2,Completed,Mobile App
2085,PERM-2023-02085,S1,R2,2023-07-02,2023-07-03,1,Completed,Mobile App
2086,PERM-2023-02086,S2,R2,2023-04-23,2023-04-25,2,Completed,Online Portal
2087,PERM-2024-02087,S2,R1,2024-04-25,2024-05-19,24,Rejected,Service Center
2088,PERM-2025-02088,S1,R1,2025-04-10,2025-04-11,1,Completed,Mobile App
2089,PERM-2025-02089,S2,R1,2025-02-01,,1,Under Review,Online Portal
2090,PERM-2024-02090,S2,R1,2024-04-20,2024-05-07,17,Completed,Service Center
2091,PERM-2025-02091,S2,R1,2025-02-01,2025-02-04,3,Completed,Online Portal
2092,PERM-2025-02092,S2,R2,2025-08-28,2025-09-16,19,Completed,Service Center
2093,PERM-2025-02093,S2,R2,2025-10-16,2025-11-04,19,Rejected,Service Center
2094,PERM-2023-02094,S1,R1,2023-06-10,2023-06-13,3,Completed,Online Portal
2095,PERM-2024-02095,S2,R1,2024-02-05,2024-02-07,2,Completed,Mobile App
2096,PERM-2023-02096,S1,R4,2023-07-17,2023-07-19,2,Completed,Online Portal
2097,PERM-2024-02097,S5,R1,2024-10-21,2024-10-31,10,Completed,Online Portal
2098,PERM-2025-02098,S2,R1,2025-12-06,2025-12-09,3,Completed,Online Portal
2099,PERM-2024-02099,S2,R1,2024-02-03,2024-02-04,1,Completed,Mobile App
2100,PERM-2023-02100,S3,R2,2023-03-19,2023-03-20,1,Completed,Online Portal
2101,PERM-2023-02101,S2,R5,2023-05-04,2023-05-05,1,Rejected,Online Portal
2102,PERM-2023-02102,S2,R1,2023-03-16,2023-03-19,3,Completed,Mobile App
2103,PERM-2023-02103,S3,R3,2023-05-17,2023-05-20,3,Completed,Online Portal
2104,PERM-2024-02104,S3,R3,2024-08-24,2024-08-25,1,Completed,Online Portal
2105,PERM-2025-02105,S2,R1,2025-04-16,2025-04-18,2,Completed,Online Portal
2106,PERM-2024-02106,S1,R1,2024-05-14,2024-05-15,1,Completed,Online Portal
2107,PERM-2023-02107,S2,R1,2023-05-18,2023-05-20,2,Completed,Online Portal
2108,PERM-2023-02108,S3,R5,2023-02-19,2023-02-20,1,Completed,Online Portal
2109,PERM-2025-02109,S1,R1,2025-08-30,2025-09-12,13,Completed,Kiosk
2110,PERM-2023-02110,S1,R2,2023-09-11,2023-09-13,2,Completed,Mobile App
2111,PERM-2024-02111,S4,R1,2024-12-10,2024-12-12,2,Completed,Online Portal
2112,PERM-2024-02112,S1,R2,2024-07-16,2024-07-17,1,Completed,Online Portal
2113,PERM-2025-02113,S3,R1,2025-01-26,2025-01-28,2,Completed,Online Portal
2114,PERM-2024-02114,S2,R2,2024-06-30,2024-07-01,1,Completed,Mobile App
2115,PERM-2025-02115,S2,R3,2025-07-10,2025-07-12,2,Completed,Online Portal
2116,PERM-2024-02116,S1,R3,2024-08-03,2024-08-05,2,Completed,Online Portal
2117,PERM-2023-02117,S3,R3,2023-02-18,,22,Under Review,Service Center
2118,PERM-2025-02118,S2,R1,2025-07-05,2025-07-08,3,Completed,Online Portal
2119,PERM-2024-02119,S2,R2,2024-12-04,2024-12-06,2,Completed,Online Portal
2120,PERM-2023-02120,S2,R1,2023-09-18,,16,Under Review,Service Center
2121,PERM-2023-02121,S2,R1,2023-12-22,2023-12-25,3,Completed,Mobile App
2122,PERM-2024-02122,S5,R1,2024-09-29,2024-10-09,10,Completed,Online Portal
2123,PERM-2025-02123,S2,R1,2025-01-12,2025-01-13,1,Completed,Mobile App
2124,PERM-2025-02124,S2,R1,2025-10-06,2025-10-07,1,Completed,Online Portal
2125,PERM-2025-02125,S5,R5,2025-07-19,2025-07-29,10,Completed,Mobile App
2126,PERM-2024-02126,S2,R1,2024-10-02,2024-10-05,3,Completed,Online Portal
2127,PERM-2025-02127,S1,R2,2025-03-02,2025-03-25,23,Completed,Service Center
2128,PERM-2024-02128,S1,R1,2024-09-03,,18,Under Review,Kiosk
2129,PERM-2025-02129,S3,R1,2025-03-19,2025-04-11,23,Completed,Service Center
2130,PERM-2024-02130,S2,R1,2024-11-16,2024-11-28,12,Rejected,Service Center
2131,PERM-2023-02131,S2,R4,2023-07-07,2023-07-10,3,Completed,Mobile App
2132,PERM-2025-02132,S2,R3,2025-09-11,2025-09-12,1,Completed,Online Portal
2133,PERM-2024-02133,S1,R4,2024-07-01,2024-07-02,1,Completed,Online Portal
2134,PERM-2024-02134,S2,R5,2024-12-25,2024-12-26,1,Completed,Mobile App
2135,PERM-2025-02135,S1,R1,2025-07-14,,16,Under Review,Service Center
2136,PERM-2025-02136,S2,R1,2025-05-25,2025-05-26,1,Completed,Online Portal
2137,PERM-2024-02137,S2,R2,2024-09-09,2024-09-23,14,Completed,Service Center
2138,PERM-2024-02138,S2,R1,2024-02-18,2024-03-13,24,Completed,Service Center
2139,PERM-2025-02139,S2,R1,2025-06-21,2025-07-04,13,Completed,Kiosk
2140,PERM-2023-02140,S3,R1,2023-06-12,2023-07-04,22,Rejected,Service Center
2141,PERM-2023-02141,S3,R2,2023-09-27,2023-09-28,1,Completed,Online Portal
2142,PERM-2024-02142,S1,R2,2024-09-23,2024-09-25,2,Completed,Online Portal
2143,PERM-2025-02143,S1,R1,2025-06-24,2025-06-26,2,Completed,Online Portal
2144,PERM-2023-02144,S2,R1,2023-07-24,2023-07-26,2,Completed,Online Portal
2145,PERM-2024-02145,S5,R2,2024-08-04,2024-08-15,11,Completed,Mobile App
2146,PERM-2025-02146,S3,R2,2025-04-20,,16,Under Review,Service Center
2147,PERM-2024-02147,S3,R1,2024-08-18,2024-09-12,25,Rejected,Service Center
2148,PERM-2023-02148,S2,R2,2023-09-07,2023-09-10,3,Completed,Mobile App
2149,PERM-2025-02149,S2,R1,2025-05-24,2025-05-26,2,Completed,Online Portal
2150,PERM-2023-02150,S2,R1,2023-07-15,2023-07-16,1,Completed,Online Portal
2151,PERM-2024-02151,S1,R2,2024-11-20,2024-11-22,2,Completed,Online Portal
2152,PERM-2025-02152,S1,R2,2025-12-29,2026-01-01,3,Completed,Online Portal
2153,PERM-2024-02153,S5,R1,2024-09-30,2024-10-10,10,Completed,Mobile App
2154,PERM-2024-02154,S1,R2,2024-11-02,2024-11-05,3,Completed,Online Portal
2155,PERM-2025-02155,S1,R2,2025-08-01,2025-08-03,2,Completed,Online Portal
2156,PERM-2023-02156,S1,R2,2023-07-18,2023-07-20,2,Completed,Online Portal
2157,PERM-2024-02157,S5,R2,2024-05-06,2024-05-17,11,Completed,Mobile App
2158,PERM-2025-02158,S2,R2,2025-06-14,2025-06-17,3,Completed,Online Portal
2159,PERM-2023-02159,S2,R1,2023-05-22,2023-05-23,1,Completed,Online Portal
2160,PERM-2023-02160,S4,R1,2023-06-14,2023-06-17,3,Completed,Online Portal
2161,PERM-2023-02161,S2,R1,2023-11-10,2023-12-02,22,Completed,Kiosk
2162,PERM-2023-02162,S2,R1,2023-01-21,2023-01-22,1,Completed,Online Portal
2163,PERM-2025-02163,S1,R2,2025-09-10,2025-09-13,3,Completed,Mobile App
2164,PERM-2023-02164,S1,R1,2023-11-01,2023-11-03,2,Completed,Mobile App
2165,PERM-2024-02165,S3,R1,2024-01-06,2024-01-08,2,Completed,Mobile App
2166,PERM-2025-02166,S3,R1,2025-05-02,,19,Under Review,Service Center
2167,PERM-2024-02167,S2,R1,2024-01-19,2024-01-21,2,Completed,Online Portal
2168,PERM-2024-02168,S2,R1,2024-03-20,2024-03-21,1,Completed,Online Portal
2169,PERM-2024-02169,S2,R2,2024-02-29,2024-03-02,2,Completed,Online Portal
2170,PERM-2023-02170,S1,R1,2023-06-10,2023-06-13,3,Completed,Mobile App
2171,PERM-2024-02171,S1,R2,2024-09-20,2024-09-23,3,Completed,Online Portal
2172,PERM-2025-02172,S1,R4,2025-06-13,2025-06-14,1,Completed,Online Portal
2173,PERM-2024-02173,S1,R1,2024-05-04,2024-05-05,1,Completed,Mobile App
2174,PERM-2025-02174,S3,R1,2025-10-13,2025-10-15,2,Completed,Mobile App
2175,PERM-2023-02175,S1,R1,2023-11-23,2023-11-26,3,Completed,Online Portal
2176,PERM-2024-02176,S1,R2,2024-08-20,2024-08-23,3,Completed,Mobile App
2177,PERM-2025-02177,S2,R2,2025-10-11,2025-10-13,2,Completed,Mobile App
2178,PERM-2023-02178,S3,R1,2023-10-16,2023-10-19,3,Completed,Online Portal
2179,PERM-2024-02179,S1,R1,2024-08-15,2024-08-17,2,Completed,Online Portal
2180,PERM-2024-02180,S1,R3,2024-07-26,2024-07-28,2,Completed,Mobile App
2181,PERM-2023-02181,S2,R1,2023-01-28,,3,Under Review,Mobile App
2182,PERM-2025-02182,S2,R1,2025-08-11,2025-08-13,2,Completed,Online Portal
2183,PERM-2023-02183,S2,R3,2023-02-12,2023-02-15,3,Completed,Online Portal
2184,PERM-2024-02184,S3,R2,2024-02-27,2024-03-01,3,Completed,Mobile App
2185,PERM-2023-02185,S5,R3,2023-06-26,,28,Under Review,Service Center
2186,PERM-2024-02186,S3,R2,2024-06-12,2024-06-14,2,Completed,Mobile App
2187,PERM-2025-02187,S2,R3,2025-08-23,,1,Under Review,Online Portal
2188,PERM-2023-02188,S2,R1,2023-07-17,2023-07-20,3,Completed,Online Portal
2189,PERM-2024-02189,S1,R2,2024-09-01,,18,Under Review,Service Center
2190,PERM-2025-02190,S5,R4,2025-04-21,2025-05-02,11,Completed,Online Portal
2191,PERM-2025-02191,S2,R2,2025-05-02,,13,Under Review,Kiosk
2192,PERM-2023-02192,S1,R1,2023-01-22,,13,Under Review,Service Center
2193,PERM-2025-02193,S2,R1,2025-12-16,2025-12-19,3,Completed,Online Portal
2194,PERM-2025-02194,S1,R1,2025-12-25,,18,Under Review,Service Center
2195,PERM-2025-02195,S2,R1,2025-04-21,2025-04-23,2,Completed,Online Portal
2196,PERM-2023-02196,S2,R1,2023-04-08,,22,Under Review,Service Center
2197,PERM-2024-02197,S2,R2,2024-03-10,2024-03-11,1,Completed,Online Portal
2198,PERM-2024-02198,S3,R2,2024-09-28,2024-09-29,1,Completed,Online Portal
2199,PERM-2024-02199,S1,R1,2024-08-10,,2,Under Review,Mobile App
2200,PERM-2023-02200,S2,R2,2023-12-10,2023-12-11,1,Completed,Mobile App
2201,PERM-2024-02201,S2,R1,2024-07-24,,3,Under Review,Online Portal
2202,PERM-2024-02202,S2,R1,2024-09-02,2024-09-04,2,Completed,Mobile App
2203,PERM-2023-02203,S3,R1,2023-08-31,2023-09-02,2,Completed,Online Portal
2204,PERM-2024-02204,S2,R1,2024-07-14,2024-07-17,3,Completed,Online Portal
2205,PERM-2025-02205,S2,R1,2025-08-17,2025-08-19,2,Completed,Online Portal
2206,PERM-2023-02206,S1,R1,2023-02-01,2023-02-04,3,Completed,Online Portal
2207,PERM-2024-02207,S5,R1,2024-01-26,2024-02-04,9,Completed,Online Portal
2208,PERM-2023-02208,S2,R3,2023-10-04,2023-10-05,1,Completed,Online Portal
2209,PERM-2024-02209,S2,R1,2024-06-15,2024-06-17,2,Rejected,Online Portal
2210,PERM-2024-02210,S1,R2,2024-01-18,2024-01-20,2,Completed,Online Portal
2211,PERM-2025-02211,S1,R2,2025-12-27,2025-12-29,2,Completed,Online Portal
2212,PERM-2025-02212,S2,R2,2025-06-02,2025-06-18,16,Rejected,Kiosk
2213,PERM-2023-02213,S4,R4,2023-08-02,2023-08-04,2,Completed,Online Portal
2214,PERM-2024-02214,S2,R1,2024-01-11,2024-01-28,17,Rejected,Service Center
2215,PERM-2025-02215,S5,R1,2025-01-13,,10,Under Review,Mobile App
2216,PERM-2023-02216,S2,R3,2023-08-01,2023-08-02,1,Completed,Mobile App
2217,PERM-2023-02217,S2,R1,2023-03-20,2023-03-23,3,Completed,Mobile App
2218,PERM-2024-02218,S1,R2,2024-09-19,2024-10-07,18,Rejected,Service Center
2219,PERM-2024-02219,S3,R2,2024-08-26,2024-08-28,2,Completed,Online Portal
2220,PERM-2025-02220,S1,R2,2025-02-20,2025-02-21,1,Completed,Mobile App
2221,PERM-2025-02221,S4,R4,2025-09-27,2025-09-29,2,Completed,Mobile App
2222,PERM-2024-02222,S4,R5,2024-11-10,,2,Under Review,Mobile App
2223,PERM-2023-02223,S5,R2,2023-02-27,2023-03-30,31,Rejected,Service Center
2224,PERM-2025-02224,S2,R1,2025-11-15,2025-11-17,2,Completed,Online Portal
2225,PERM-2025-02225,S2,R3,2025-05-30,2025-05-31,1,Completed,Mobile App
2226,PERM-2024-02226,S3,R1,2024-03-22,2024-03-23,1,Completed,Mobile App
2227,PERM-2023-02227,S1,R1,2023-03-07,2023-03-10,3,Completed,Online Portal
2228,PERM-2025-02228,S2,R3,2025-12-03,2025-12-04,1,Completed,Online Portal
2229,PERM-2025-02229,S1,R1,2025-10-08,2025-10-10,2,Completed,Mobile App
2230,PERM-2023-02230,S2,R1,2023-08-15,,21,Under Review,Service Center
2231,PERM-2025-02231,S1,R1,2025-02-12,,3,Under Review,Online Portal
2232,PERM-2024-02232,S1,R3,2024-11-09,,22,Under Review,Service Center
2233,PERM-2024-02233,S2,R1,2024-08-23,2024-08-26,3,Completed,Online Portal
2234,PERM-2024-02234,S2,R2,2024-01-14,2024-01-17,3,Rejected,Online Portal
2235,PERM-2024-02235,S2,R1,2024-12-09,2024-12-11,2,Completed,Online Portal
2236,PERM-2023-02236,S1,R2,2023-11-03,2023-11-04,1,Completed,Online Portal
2237,PERM-2025-02237,S2,R2,2025-02-17,2025-02-19,2,Completed,Online Portal
2238,PERM-2024-02238,S1,R1,2024-05-18,2024-05-20,2,Completed,Online Portal
2239,PERM-2023-02239,S2,R1,2023-09-25,2023-09-26,1,Completed,Mobile App
2240,PERM-2023-02240,S2,R1,2023-01-08,2023-01-09,1,Completed,Mobile App
2241,PERM-2024-02241,S2,R5,2024-05-22,2024-05-25,3,Completed,Online Portal
2242,PERM-2024-02242,S2,R2,2024-04-20,2024-04-23,3,Completed,Online Portal
2243,PERM-2023-02243,S2,R4,2023-06-13,2023-06-15,2,Completed,Online Portal
2244,PERM-2024-02244,S3,R1,2024-04-29,2024-04-30,1,Completed,Mobile App
2245,PERM-2025-02245,S2,R2,2025-12-31,2026-01-02,2,Completed,Online Portal
2246,PERM-2024-02246,S2,R2,2024-07-20,2024-07-23,3,Completed,Online Portal
2247,PERM-2025-02247,S2,R2,2025-06-23,2025-07-15,22,Completed,Service Center
2248,PERM-2024-02248,S1,R5,2024-07-12,,24,Under Review,Service Center
2249,PERM-2023-02249,S2,R1,2023-08-26,2023-08-27,1,Completed,Online Portal
2250,PERM-2024-02250,S2,R1,2024-07-07,2024-07-10,3,Completed,Online Portal
2251,PERM-2025-02251,S2,R2,2025-04-07,2025-04-10,3,Completed,Online Portal
2252,PERM-2024-02252,S1,R2,2024-04-12,2024-04-13,1,Completed,Mobile App
2253,PERM-2024-02253,S1,R2,2024-01-21,2024-01-23,2,Completed,Mobile App
2254,PERM-2025-02254,S5,R1,2025-02-13,2025-02-24,11,Completed,Online Portal
2255,PERM-2025-02255,S2,R1,2025-04-27,2025-04-28,1,Completed,Mobile App
2256,PERM-2024-02256,S1,R1,2024-01-22,2024-01-24,2,Completed,Online Portal
2257,PERM-2025-02257,S2,R1,2025-05-26,2025-05-27,1,Completed,Online Portal
2258,PERM-2023-02258,S2,R2,2023-09-16,2023-09-17,1,Completed,Online Portal
2259,PERM-2023-02259,S3,R2,2023-10-10,2023-10-12,2,Completed,Online Portal
2260,PERM-2023-02260,S1,R1,2023-02-09,2023-02-10,1,Completed,Online Portal
2261,PERM-2024-02261,S1,R1,2024-04-30,2024-05-02,2,Completed,Online Portal
2262,PERM-2025-02262,S4,R1,2025-07-17,2025-07-20,3,Completed,Online Portal
2263,PERM-2023-02263,S1,R1,2023-08-08,2023-08-10,2,Completed,Online Portal
2264,PERM-2025-02264,S1,R2,2025-10-11,2025-10-14,3,Completed,Mobile App
2265,PERM-2025-02265,S5,R4,2025-10-20,2025-10-29,9,Completed,Online Portal
2266,PERM-2024-02266,S2,R1,2024-09-04,,1,Under Review,Online Portal
2267,PERM-2025-02267,S1,R2,2025-07-16,2025-07-19,3,Completed,Mobile App
2268,PERM-2024-02268,S1,R3,2024-11-18,2024-11-19,1,Completed,Mobile App
2269,PERM-2024-02269,S1,R3,2024-09-04,2024-09-25,21,Completed,Service Center
2270,PERM-2023-02270,S1,R1,2023-09-17,2023-09-18,1,Completed,Online Portal
2271,PERM-2025-02271,S4,R4,2025-09-16,2025-09-17,1,Completed,Online Portal
2272,PERM-2025-02272,S2,R1,2025-08-23,2025-08-25,2,Completed,Mobile App
2273,PERM-2024-02273,S2,R1,2024-01-01,2024-01-04,3,Completed,Mobile App
2274,PERM-2024-02274,S4,R1,2024-06-27,2024-06-29,2,Completed,Online Portal
2275,PERM-2024-02275,S2,R1,2024-10-10,,14,Under Review,Service Center
2276,PERM-2025-02276,S1,R1,2025-03-24,,2,Under Review,Online Portal
2277,PERM-2025-02277,S2,R1,2025-11-05,2025-11-21,16,Completed,Kiosk
2278,PERM-2024-02278,S4,R1,2024-07-28,,24,Under Review,Service Center
2279,PERM-2025-02279,S3,R3,2025-10-09,2025-10-10,1,Completed,Mobile App
2280,PERM-2024-02280,S1,R3,2024-10-31,2024-11-21,21,Completed,Service Center
2281,PERM-2023-02281,S2,R1,2023-09-26,2023-09-29,3,Completed,Mobile App
2282,PERM-2025-02282,S2,R3,2025-07-12,2025-07-15,3,Completed,Online Portal
2283,PERM-2023-02283,S4,R3,2023-09-04,2023-09-05,1,Completed,Online Portal
2284,PERM-2023-02284,S1,R2,2023-05-11,2023-05-13,2,Completed,Online Portal
2285,PERM-2023-02285,S2,R1,2023-12-19,2023-12-22,3,Completed,Online Portal
2286,PERM-2023-02286,S4,R2,2023-07-15,2023-07-17,2,Completed,Mobile App
2287,PERM-2025-02287,S2,R4,2025-07-18,2025-07-19,1,Completed,Online Portal
2288,PERM-2025-02288,S2,R2,2025-10-18,2025-10-19,1,Completed,Online Portal
2289,PERM-2024-02289,S1,R1,2024-10-06,2024-10-09,3,Completed,Mobile App
2290,PERM-2023-02290,S1,R1,2023-08-15,2023-09-09,25,Completed,Service Center
2291,PERM-2024-02291,S2,R2,2024-12-01,2024-12-03,2,Completed,Online Portal
2292,PERM-2023-02292,S5,R1,2023-09-22,2023-10-02,10,Completed,Online Portal
2293,PERM-2024-02293,S1,R1,2024-10-07,2024-10-09,2,Completed,Online Portal
2294,PERM-2023-02294,S2,R1,2023-07-30,2023-08-01,2,Completed,Mobile App
2295,PERM-2025-02295,S2,R3,2025-07-31,2025-08-01,1,Completed,Online Portal
2296,PERM-2024-02296,S1,R3,2024-04-01,2024-04-04,3,Completed,Mobile App
2297,PERM-2024-02297,S2,R1,2024-12-25,2024-12-26,1,Completed,Online Portal
2298,PERM-2025-02298,S2,R4,2025-09-08,2025-09-11,3,Completed,Online Portal
2299,PERM-2024-02299,S3,R1,2024-08-10,2024-08-29,19,Rejected,Service Center
2300,PERM-2024-02300,S2,R2,2024-04-20,2024-04-23,3,Completed,Online Portal
2301,PERM-2025-02301,S2,R2,2025-09-12,2025-09-15,3,Completed,Online Portal
2302,PERM-2023-02302,S1,R3,2023-06-05,2023-06-06,1,Completed,Online Portal
2303,PERM-2023-02303,S5,R4,2023-07-09,2023-07-19,10,Completed,Online Portal
2304,PERM-2025-02304,S1,R1,2025-09-07,2025-09-09,2,Completed,Mobile App
2305,PERM-2024-02305,S3,R3,2024-06-29,2024-07-01,2,Completed,Online Portal
2306,PERM-2023-02306,S1,R1,2023-02-10,2023-02-11,1,Completed,Online Portal
2307,PERM-2023-02307,S5,R2,2023-11-03,2023-11-14,11,Completed,Online Portal
2308,PERM-2025-02308,S2,R2,2025-07-31,2025-08-03,3,Completed,Mobile App
2309,PERM-2023-02309,S3,R2,2023-12-04,2023-12-05,1,Completed,Mobile App
2310,PERM-2025-02310,S1,R1,2025-08-10,2025-08-12,2,Completed,Mobile App
2311,PERM-2023-02311,S2,R3,2023-10-06,2023-10-09,3,Completed,Mobile App
2312,PERM-2025-02312,S2,R1,2025-06-14,2025-06-17,3,Completed,Online Portal
2313,PERM-2023-02313,S3,R1,2023-09-30,2023-10-01,1,Completed,Online Portal
2314,PERM-2025-02314,S1,R2,2025-04-16,2025-04-18,2,Completed,Online Portal
2315,PERM-2024-02315,S5,R1,2024-09-11,2024-09-21,10,Completed,Online Portal
2316,PERM-2025-02316,S4,R3,2025-05-11,2025-05-13,2,Completed,Online Portal
2317,PERM-2025-02317,S1,R1,2025-07-19,2025-07-20,1,Completed,Mobile App
2318,PERM-2023-02318,S3,R1,2023-10-16,2023-10-19,3,Completed,Mobile App
2319,PERM-2024-02319,S2,R3,2024-12-24,2025-01-06,13,Rejected,Service Center
2320,PERM-2025-02320,S2,R1,2025-06-11,2025-06-13,2,Completed,Online Portal
2321,PERM-2023-02321,S2,R1,2023-09-29,2023-09-30,1,Completed,Mobile App
2322,PERM-2025-02322,S2,R2,2025-12-25,2026-01-11,17,Completed,Service Center
2323,PERM-2024-02323,S2,R1,2024-04-27,,1,Under Review,Mobile App
2324,PERM-2025-02324,S2,R2,2025-07-24,2025-07-27,3,Completed,Online Portal
2325,PERM-2023-02325,S2,R1,2023-09-05,2023-09-07,2,Completed,Online Portal
2326,PERM-2023-02326,S2,R3,2023-06-05,2023-06-07,2,Completed,Online Portal
2327,PERM-2025-02327,S2,R3,2025-12-06,2025-12-07,1,Completed,Online Portal
2328,PERM-2024-02328,S1,R2,2024-03-29,2024-04-01,3,Completed,Mobile App
2329,PERM-2023-02329,S3,R1,2023-07-20,2023-07-21,1,Completed,Online Portal
2330,PERM-2023-02330,S2,R3,2023-05-04,2023-05-05,1,Completed,Online Portal
2331,PERM-2023-02331,S1,R2,2023-01-01,2023-01-04,3,Completed,Mobile App
2332,PERM-2025-02332,S1,R2,2025-08-25,2025-08-27,2,Completed,Mobile App
2333,PERM-2025-02333,S2,R1,2025-05-04,2025-05-07,3,Completed,Online Portal
2334,PERM-2024-02334,S4,R3,2024-10-01,2024-10-02,1,Completed,Mobile App
2335,PERM-2023-02335,S2,R2,2023-07-10,2023-07-11,1,Completed,Online Portal
2336,PERM-2024-02336,S2,R1,2024-05-30,2024-06-02,3,Completed,Online Portal
2337,PERM-2024-02337,S1,R1,2024-03-17,2024-03-18,1,Completed,Online Portal
2338,PERM-2023-02338,S2,R3,2023-05-23,2023-05-26,3,Completed,Mobile App
2339,PERM-2024-02339,S5,R1,2024-06-16,2024-07-07,21,Completed,Service Center
2340,PERM-2023-02340,S3,R5,2023-08-15,,1,Under Review,Online Portal
2341,PERM-2025-02341,S1,R2,2025-08-06,2025-08-08,2,Completed,Mobile App
2342,PERM-2024-02342,S2,R2,2024-04-04,2024-04-05,1,Completed,Online Portal
2343,PERM-2024-02343,S1,R1,2024-07-04,2024-07-06,2,Completed,Mobile App
2344,PERM-2024-02344,S2,R1,2024-01-28,2024-01-29,1,Completed,Online Portal
2345,PERM-2025-02345,S3,R4,2025-04-24,2025-04-25,1,Completed,Online Portal
2346,PERM-2023-02346,S3,R1,2023-07-29,2023-08-10,12,Completed,Service Center
2347,PERM-2024-02347,S1,R2,2024-10-07,2024-10-09,2,Completed,Mobile App
2348,PERM-2023-02348,S5,R1,2023-08-07,2023-08-16,9,Completed,Online Portal
2349,PERM-2024-02349,S2,R1,2024-02-11,2024-02-13,2,Completed,Online Portal
2350,PERM-2025-02350,S2,R1,2025-06-06,2025-06-09,3,Completed,Online Portal
2351,PERM-2024-02351,S2,R1,2024-07-11,2024-07-12,1,Completed,Online Portal
2352,PERM-2024-02352,S2,R5,2024-07-03,,21,Under Review,Service Center
2353,PERM-2023-02353,S2,R1,2023-05-22,2023-06-13,22,Rejected,Kiosk
2354,PERM-2024-02354,S2,R1,2024-09-03,2024-09-04,1,Completed,Online Portal
2355,PERM-2024-02355,S2,R1,2024-05-15,2024-05-18,3,Completed,Online Portal
2356,PERM-2025-02356,S1,R1,2025-04-19,2025-05-03,14,Rejected,Service Center
2357,PERM-2024-02357,S3,R1,2024-12-02,2024-12-04,2,Completed,Online Portal
2358,PERM-2024-02358,S2,R3,2024-08-18,2024-08-20,2,Completed,Mobile App
2359,PERM-2023-02359,S1,R1,2023-10-08,2023-10-11,3,Completed,Online Portal
2360,PERM-2024-02360,S3,R1,2024-02-28,2024-03-02,3,Completed,Mobile App
2361,PERM-2025-02361,S5,R1,2025-05-05,2025-05-16,11,Completed,Mobile App
2362,PERM-2023-02362,S5,R5,2023-09-27,2023-10-27,30,Completed,Service Center
2363,PERM-2023-02363,S2,R1,2023-06-03,2023-06-04,1,Completed,Mobile App
2364,PERM-2024-02364,S1,R1,2024-09-05,2024-09-07,2,Completed,Online Portal
2365,PERM-2024-02365,S2,R2,2024-10-23,2024-10-26,3,Completed,Mobile App
2366,PERM-2023-02366,S1,R2,2023-03-24,2023-04-06,13,Completed,Service Center
2367,PERM-2025-02367,S5,R1,2025-08-04,2025-08-14,10,Completed,Online Portal
2368,PERM-2025-02368,S1,R1,2025-06-17,2025-06-19,2,Completed,Online Portal
2369,PERM-2023-02369,S1,R2,2023-10-11,2023-10-12,1,Completed,Online Portal
2370,PERM-2025-02370,S2,R1,2025-09-06,2025-09-08,2,Completed,Online Portal
2371,PERM-2023-02371,S2,R3,2023-06-22,2023-06-24,2,Completed,Online Portal
2372,PERM-2025-02372,S3,R2,2025-12-22,2025-12-25,3,Completed,Mobile App
2373,PERM-2025-02373,S2,R1,2025-02-01,2025-02-02,1,Completed,Online Portal
2374,PERM-2024-02374,S1,R1,2024-09-24,2024-10-11,17,Completed,Service Center
2375,PERM-2025-02375,S1,R1,2025-02-25,2025-02-28,3,Completed,Online Portal
2376,PERM-2025-02376,S2,R2,2025-07-31,2025-08-03,3,Completed,Online Portal
2377,PERM-2025-02377,S1,R1,2025-10-08,2025-10-11,3,Completed,Online Portal
2378,PERM-2024-02378,S2,R1,2024-02-02,2024-02-04,2,Completed,Online Portal
2379,PERM-2025-02379,S2,R2,2025-07-22,2025-07-24,2,Completed,Online Portal
2380,PERM-2024-02380,S2,R5,2024-11-06,2024-11-08,2,Completed,Online Portal
2381,PERM-2025-02381,S5,R1,2025-07-24,2025-08-02,9,Completed,Online Portal
2382,PERM-2024-02382,S4,R4,2024-04-09,2024-04-11,2,Completed,Mobile App
2383,PERM-2023-02383,S5,R1,2023-10-13,2023-10-23,10,Completed,Mobile App
2384,PERM-2023-02384,S1,R1,2023-09-22,2023-09-25,3,Completed,Online Portal
2385,PERM-2023-02385,S1,R1,2023-11-16,2023-11-19,3,Completed,Mobile App
2386,PERM-2024-02386,S2,R1,2024-11-03,2024-11-04,1,Rejected,Mobile App
2387,PERM-2025-02387,S4,R1,2025-03-30,2025-03-31,1,Completed,Online Portal
2388,PERM-2023-02388,S5,R1,2023-03-30,2023-04-25,26,Rejected,Kiosk
2389,PERM-2025-02389,S3,R4,2025-03-31,2025-04-20,20,Rejected,Service Center
2390,PERM-2025-02390,S1,R3,2025-09-27,2025-09-28,1,Completed,Online Portal
2391,PERM-2023-02391,S5,R2,2023-11-30,2023-12-11,11,Rejected,Online Portal
2392,PERM-2023-02392,S2,R1,2023-08-10,2023-08-12,2,Completed,Online Portal
2393,PERM-2023-02393,S1,R1,2023-02-10,2023-02-13,3,Completed,Online Portal
2394,PERM-2023-02394,S2,R1,2023-03-09,2023-03-10,1,Completed,Mobile App
2395,PERM-2025-02395,S1,R2,2025-09-14,2025-09-15,1,Completed,Online Portal
2396,PERM-2024-02396,S2,R4,2024-05-28,2024-05-31,3,Completed,Mobile App
2397,PERM-2024-02397,S2,R1,2024-11-25,2024-11-28,3,Completed,Mobile App
2398,PERM-2025-02398,S2,R1,2025-11-05,2025-11-08,3,Rejected,Mobile App
2399,PERM-2024-02399,S2,R1,2024-04-21,2024-04-22,1,Completed,Mobile App
2400,PERM-2025-02400,S3,R1,2025-12-21,2025-12-22,1,Completed,Online Portal
2401,PERM-2025-02401,S2,R1,2025-05-30,2025-05-31,1,Completed,Online Portal
2402,PERM-2024-02402,S2,R2,2024-03-07,2024-03-09,2,Completed,Mobile App
2403,PERM-2023-02403,S3,R2,2023-09-25,2023-09-28,3,Completed,Online Portal
2404,PERM-2025-02404,S4,R1,2025-11-24,2025-11-25,1,Completed,Online Portal
2405,PERM-2025-02405,S1,R1,2025-02-17,2025-03-08,19,Rejected,Service Center
2406,PERM-2024-02406,S2,R5,2024-05-08,2024-05-11,3,Completed,Mobile App
2407,PERM-2024-02407,S1,R1,2024-10-22,2024-10-23,1,Completed,Online Portal
2408,PERM-2025-02408,S1,R1,2025-10-09,2025-10-12,3,Completed,Mobile App
2409,PERM-2025-02409,S2,R1,2025-11-24,2025-11-27,3,Completed,Mobile App
2410,PERM-2025-02410,S3,R1,2025-09-03,2025-09-06,3,Completed,Online Portal
2411,PERM-2024-02411,S1,R1,2024-04-26,2024-04-28,2,Completed,Online Portal
2412,PERM-2024-02412,S3,R3,2024-12-28,2025-01-19,22,Completed,Service Center
2413,PERM-2024-02413,S3,R1,2024-04-24,2024-04-25,1,Completed,Online Portal
2414,PERM-2025-02414,S4,R1,2025-12-24,2025-12-27,3,Completed,Online Portal
2415,PERM-2025-02415,S1,R2,2025-10-28,2025-10-30,2,Completed,Online Portal
2416,PERM-2023-02416,S4,R1,2023-12-09,2023-12-12,3,Completed,Mobile App
2417,PERM-2023-02417,S2,R3,2023-11-28,2023-12-01,3,Completed,Online Portal
2418,PERM-2024-02418,S2,R3,2024-03-13,2024-03-14,1,Completed,Online Portal
2419,PERM-2023-02419,S1,R1,2023-06-23,2023-06-24,1,Completed,Online Portal
2420,PERM-2024-02420,S1,R2,2024-07-12,2024-08-02,21,Completed,Kiosk
2421,PERM-2024-02421,S2,R1,2024-06-10,2024-06-12,2,Completed,Online Portal
2422,PERM-2024-02422,S2,R5,2024-10-20,2024-10-21,1,Completed,Mobile App
2423,PERM-2023-02423,S1,R1,2023-01-26,,15,Under Review,Service Center
2424,PERM-2025-02424,S1,R5,2025-03-30,,1,Under Review,Online Portal
2425,PERM-2024-02425,S2,R2,2024-08-27,2024-09-17,21,Rejected,Kiosk
2426,PERM-2024-02426,S1,R1,2024-02-10,2024-03-01,20,Completed,Service Center
2427,PERM-2023-02427,S3,R1,2023-08-20,,22,Under Review,Service Center
2428,PERM-2024-02428,S1,R5,2024-06-16,2024-06-17,1,Completed,Online Portal
2429,PERM-2024-02429,S1,R3,2024-05-19,,3,Under Review,Mobile App
2430,PERM-2023-02430,S2,R1,2023-06-28,2023-07-01,3,Completed,Mobile App
2431,PERM-2023-02431,S2,R2,2023-05-12,,14,Under Review,Kiosk
2432,PERM-2023-02432,S2,R1,2023-12-14,2023-12-17,3,Completed,Online Portal
2433,PERM-2024-02433,S2,R1,2024-06-23,2024-06-26,3,Completed,Mobile App
2434,PERM-2025-02434,S5,R1,2025-02-10,2025-02-19,9,Completed,Online Portal
2435,PERM-2023-02435,S2,R1,2023-03-17,2023-03-18,1,Completed,Online Portal
2436,PERM-2024-02436,S1,R3,2024-08-01,2024-08-02,1,Completed,Online Portal
2437,PERM-2025-02437,S2,R1,2025-05-03,,1,Under Review,Mobile App
2438,PERM-2023-02438,S4,R3,2023-07-13,2023-07-16,3,Completed,Online Portal
2439,PERM-2023-02439,S2,R1,2023-12-13,2023-12-16,3,Completed,Mobile App
2440,PERM-2025-02440,S1,R1,2025-08-08,,13,Under Review,Kiosk
2441,PERM-2023-02441,S3,R1,2023-08-02,2023-08-04,2,Completed,Online Portal
2442,PERM-2024-02442,S2,R1,2024-07-26,2024-07-29,3,Completed,Mobile App
2443,PERM-2025-02443,S2,R1,2025-02-18,2025-02-21,3,Completed,Online Portal
2444,PERM-2023-02444,S1,R1,2023-09-19,2023-09-21,2,Completed,Online Portal
2445,PERM-2024-02445,S1,R2,2024-12-30,2024-12-31,1,Completed,Mobile App
2446,PERM-2023-02446,S2,R1,2023-10-10,2023-10-27,17,Completed,Service Center
2447,PERM-2023-02447,S1,R1,2023-12-28,2023-12-30,2,Completed,Mobile App
2448,PERM-2024-02448,S2,R1,2024-03-16,2024-03-19,3,Completed,Mobile App
2449,PERM-2023-02449,S2,R3,2023-04-03,2023-04-04,1,Completed,Online Portal
2450,PERM-2025-02450,S1,R4,2025-01-22,2025-01-25,3,Completed,Online Portal
2451,PERM-2025-02451,S5,R1,2025-05-16,2025-05-26,10,Completed,Mobile App
2452,PERM-2023-02452,S3,R1,2023-05-22,2023-05-23,1,Completed,Online Portal
2453,PERM-2025-02453,S2,R1,2025-01-18,2025-01-20,2,Completed,Online Portal
2454,PERM-2024-02454,S1,R4,2024-10-14,2024-10-17,3,Completed,Mobile App
2455,PERM-2024-02455,S1,R1,2024-12-01,2024-12-04,3,Completed,Online Portal
2456,PERM-2025-02456,S2,R1,2025-09-24,2025-09-27,3,Completed,Online Portal
2457,PERM-2023-02457,S1,R1,2023-02-18,2023-02-21,3,Rejected,Mobile App
2458,PERM-2025-02458,S5,R1,2025-05-30,2025-06-08,9,Completed,Mobile App
2459,PERM-2024-02459,S1,R1,2024-07-08,,19,Under Review,Service Center
2460,PERM-2024-02460,S2,R2,2024-02-08,2024-02-09,1,Completed,Mobile App
2461,PERM-2025-02461,S2,R1,2025-06-10,2025-06-11,1,Completed,Online Portal
2462,PERM-2025-02462,S2,R2,2025-05-14,,21,Under Review,Service Center
2463,PERM-2024-02463,S1,R1,2024-08-24,2024-08-27,3,Completed,Mobile App
2464,PERM-2023-02464,S2,R1,2023-12-07,2023-12-08,1,Rejected,Online Portal
2465,PERM-2024-02465,S1,R4,2024-12-04,2024-12-05,1,Completed,Online Portal
2466,PERM-2023-02466,S4,R1,2023-11-14,,3,Under Review,Mobile App
2467,PERM-2024-02467,S1,R3,2024-09-09,2024-09-12,3,Completed,Mobile App
2468,PERM-2024-02468,S4,R1,2024-01-17,2024-01-19,2,Completed,Mobile App
2469,PERM-2023-02469,S3,R1,2023-08-21,2023-08-24,3,Completed,Mobile App
2470,PERM-2025-02470,S1,R4,2025-03-27,2025-03-30,3,Completed,Mobile App
2471,PERM-2024-02471,S3,R1,2024-07-06,,20,Under Review,Kiosk
2472,PERM-2025-02472,S1,R3,2025-05-05,2025-05-07,2,Completed,Mobile App
2473,PERM-2025-02473,S5,R1,2025-03-29,2025-04-07,9,Completed,Online Portal
2474,PERM-2023-02474,S2,R3,2023-07-02,2023-07-27,25,Completed,Service Center
2475,PERM-2025-02475,S2,R1,2025-11-30,2025-12-02,2,Completed,Online Portal
2476,PERM-2024-02476,S2,R1,2024-02-01,2024-02-02,1,Completed,Mobile App
2477,PERM-2025-02477,S1,R2,2025-02-17,,13,Under Review,Kiosk
2478,PERM-2025-02478,S5,R4,2025-06-25,2025-07-06,11,Completed,Mobile App
2479,PERM-2023-02479,S1,R4,2023-05-07,2023-05-10,3,Completed,Mobile App
2480,PERM-2023-02480,S2,R3,2023-01-01,2023-01-02,1,Completed,Online Portal
2481,PERM-2023-02481,S2,R3,2023-01-19,2023-01-22,3,Completed,Online Portal
2482,PERM-2024-02482,S5,R1,2024-08-06,2024-08-16,10,Completed,Online Portal
2483,PERM-2024-02483,S1,R1,2024-03-31,2024-04-01,1,Completed,Mobile App
2484,PERM-2025-02484,S2,R1,2025-08-14,2025-08-15,1,Completed,Mobile App
2485,PERM-2024-02485,S2,R1,2024-03-20,2024-03-21,1,Completed,Mobile App
2486,PERM-2024-02486,S2,R1,2024-08-24,2024-08-26,2,Completed,Online Portal
2487,PERM-2023-02487,S1,R1,2023-04-13,2023-04-16,3,Completed,Online Portal
2488,PERM-2025-02488,S1,R1,2025-09-14,2025-09-17,3,Completed,Mobile App
2489,PERM-2024-02489,S1,R2,2024-06-03,2024-06-04,1,Completed,Online Portal
2490,PERM-2025-02490,S2,R1,2025-05-08,,2,Under Review,Mobile App
2491,PERM-2023-02491,S1,R1,2023-06-23,2023-06-24,1,Completed,Mobile App
2492,PERM-2025-02492,S2,R1,2025-10-01,2025-10-04,3,Rejected,Mobile App
2493,PERM-2024-02493,S1,R2,2024-03-06,2024-03-07,1,Completed,Online Portal
2494,PERM-2024-02494,S3,R2,2024-12-27,,12,Under Review,Service Center
2495,PERM-2025-02495,S5,R2,2025-04-29,2025-05-08,9,Completed,Online Portal
2496,PERM-2025-02496,S2,R1,2025-09-16,,20,Under Review,Kiosk
2497,PERM-2024-02497,S2,R1,2024-09-30,2024-10-03,3,Completed,Online Portal
2498,PERM-2024-02498,S1,R1,2024-02-24,2024-02-26,2,Completed,Online Portal
2499,PERM-2024-02499,S1,R1,2024-08-16,,25,Under Review,Service Center
2500,PERM-2024-02500,S1,R1,2024-04-29,2024-04-30,1,Completed,Online Portal
